Book Id,Title,Author,Author l-f,Additional Authors,ISBN,ISBN13,My Rating,Average Rating,Publisher,Binding,Number of Pages,Year Published,Original Publication Year,Date Read,Date Added,Bookshelves,Bookshelves with positions,Exclusive Shelf,My Review,Spoiler,Private Notes,Read Count,Recommended For,Recommended By,Owned Copies,Original Purchase Date,Original Purchase Location,Condition,Condition Description,BCID
127233,The Life of the Mind,Hannah Arendt,"Arendt, Hannah",Mary McCarthy,"=""0156519925""","=""9780156519922""",0,4.26,Harvest Books,Paperback,521,1981,1971,,2021/03/13,to-read,to-read (#183),to-read,,,,0,,,0,,,,,
13237099,"Madness, Rack, and Honey: Collected Lectures",Mary Ruefle,"Ruefle, Mary",,"=""1933517573""","=""9781933517575""",0,4.43,Wave Books,Paperback,326,2012,2012,,2021/03/10,to-read,to-read (#182),to-read,,,,0,,,0,,,,,
35959979,On Doing Nothing: Finding Inspiration in Idleness,Roman Muradov,"Muradov, Roman",,"=""1452164266""","=""9781452164267""",5,3.68,Chronicle Books,Hardcover,104,2018,2018,2021/03/10,2021/03/10,,,read,,,,1,,,0,,,,,
7902560,An Attempt at Exhausting a Place in Paris,Georges Perec,"Perec, Georges",Marc Lowenthal,"=""0984115528""","=""9780984115525""",0,3.72,Wakefield Press,Paperback,55,2010,1975,,2021/03/10,to-read,to-read (#181),to-read,,,,0,,,0,,,,,
97333,At Swim-Two-Birds,Flann O'Brien,"O'Brien, Flann",William H. Gass,"=""""","=""""",0,3.89,Dalkey Archive Press,Paperback,239,1998,1939,,2021/03/05,to-read,to-read (#180),to-read,,,,0,,,0,,,,,
29082575,Memoirs of a Polar Bear,Yōko Tawada,"Tawada, Yōko",Susan Bernofsky,"=""081122578X""","=""9780811225786""",0,3.41,New Directions,Paperback,252,2016,2014,,2021/03/04,to-read,to-read (#179),to-read,,,,0,,,0,,,,,
14433696,The Origin of Man,Christine Montalbetti,"Montalbetti, Christine",Betsy Wing,"=""1564787370""","=""9781564787378""",0,3.00,Dalkey Archive Press,Paperback,232,2012,2002,,2021/03/04,to-read,to-read (#178),to-read,,,,0,,,0,,,,,
5608045,Apprenticeship Patterns: Guidance for the Aspiring Software Craftsman,Dave Hoover,"Hoover, Dave",Adewale Oshineye,"=""0596518382""","=""9780596518387""",3,4.11,O'Reilly Media,Paperback,176,2009,2009,2021/03/02,2021/03/02,,,read,,,,1,,,0,,,,,
15799151,Daily Rituals: How Artists Work,Mason Currey,"Currey, Mason",,"=""0307273601""","=""9780307273604""",0,3.65,Knopf,Hardcover,304,2013,2013,,2021/02/20,to-read,to-read (#177),to-read,,,,0,,,0,,,,,
13540368,Happiness is Possible,Oleg Zaionchkovsky,"Zaionchkovsky, Oleg","Олег Зайончковский, Andrew Bromfield, A.D.  Miller, Oleg Zayonchkovsky","=""9781908276""","=""""",4,3.92,And Other Stories,Paperback,303,2012,2009,2021/02/14,2021/02/14,,,read,,,,1,,,0,,,,,
27121718,"Abstracts and Brief Chronicles of the Time: I. Los, a Chapter",Hélène Cixous,"Cixous, Hélène",,"=""1509500553""","=""9781509500550""",0,3.87,Polity Press,Paperback,104,2016,2013,,2021/02/04,to-read,to-read (#176),to-read,,,,0,,,0,,,,,
25716554,The Master and Margarita,Mikhail Bulgakov,"Bulgakov, Mikhail","Richard Pevear, Larissa Volokhonsky","=""0143108271""","=""9780143108276""",5,4.29,Penguin Classics,Paperback,448,2016,1967,2021/02/02,2021/02/02,,,read,,,,1,,,0,,,,,
36723048,Spring,Karl Ove Knausgård,"Knausgård, Karl Ove","Karl Ove Knausgaard, Anna Bjerger, Ingvild Burkey","=""0399563369""","=""9780399563362""",0,4.34,Penguin Press,Hardcover,192,2018,2016,,2020/09/27,to-read,to-read (#157),to-read,,,,0,,,0,,,,,
23275206,No Bad Kids: Toddler Discipline Without Shame,Janet Lansbury,"Lansbury, Janet",,"=""1499351119""","=""9781499351118""",3,4.25,JLML Press,Paperback,162,2014,2014,2021/01/23,2021/01/23,,,read,,,,1,,,0,,,,,
56580011,The Fourfold Remedy: Epicurus and the Art of Happiness,John   Sellars,"Sellars, John",,"=""""","=""""",0,3.92,,Kindle Edition,,2021,,,2021/01/12,to-read,to-read (#172),to-read,,,,0,,,0,,,,,
55586396,Fundamentals: Ten Keys to Reality,Frank Wilczek,"Wilczek, Frank",,"=""""","=""""",0,3.87,,Kindle Edition,,2021,2021,,2021/01/12,to-read,to-read (#175),to-read,,,,0,,,0,,,,,
53345896,People From My Neighbourhood,Hiromi Kawakami,"Kawakami, Hiromi",Ted Goossen,"=""1846276985""","=""9781846276989""",0,3.71,Granta Books,Paperback,121,2020,2020,,2021/01/12,to-read,to-read (#174),to-read,,,,0,,,0,,,,,
33401681,Storm in a Teacup: The Physics of Everyday Life,Helen Czerski,"Czerski, Helen",,"=""""","=""""",0,4.02,W. W. Norton & Company,Kindle Edition,273,2017,2017,,2021/01/12,to-read,to-read (#173),to-read,,,,0,,,0,,,,,
45892263,Indelicacy,Amina Cain,"Cain, Amina",,"=""0374148376""","=""9780374148379""",5,3.54,"Farrar, Straus and Giroux",Hardcover,176,2020,2020,2021/01/10,2020/11/04,my-cup-of-tea,my-cup-of-tea (#6),read,,,,1,,,0,,,,,
52351634,Dissipatio H.G.: The Vanishing,Guido Morselli,"Morselli, Guido",Frederika Randall,"=""1681374765""","=""9781681374765""",0,3.89,New York Review Books,Paperback,168,2020,1977,,2021/01/05,to-read,to-read (#171),to-read,,,,0,,,0,,,,,
18693771,"The Body Keeps the Score: Brain, Mind, and Body in the Healing of Trauma",Bessel van der Kolk,"Kolk, Bessel van der",,"=""0670785938""","=""9780670785933""",5,4.45,Viking,Hardcover,443,2014,2014,2020/12/30,2020/12/30,,,read,,,,1,,,0,,,,,
41800851,The Full Stack Developer: Your Essential Guide to the Everyday Skills Expected of a Modern Full Stack Web Developer,Chris Northwood,"Northwood, Chris",,"=""1484241517""","=""9781484241516""",4,3.59,Apress,Paperback,348,2018,,2020/12/20,2020/12/20,,,read,,,,1,,,0,,,,,
45894065,"Good Morning, Midnight",Jean Rhys,"Rhys, Jean",,"=""0393357805""","=""9780393357806""",0,3.89,W. W. Norton  Company,Paperback,208,2020,1939,,2020/12/19,to-read,to-read (#170),to-read,,,,0,,,0,,,,,
358805,The Child that Books Built,Francis Spufford,"Spufford, Francis",,"=""0571214673""","=""9780571214679""",0,3.48,Faber and Faber,Paperback,214,2003,2002,,2020/12/19,to-read,to-read (#169),to-read,,,,0,,,0,,,,,
18050016,Rodale's Basic Organic Gardening: A Beginner's Guide to Starting a Healthy Garden,Deborah L. Martin,"Martin, Deborah L.",Organic Gardening Magazine,"=""1609619838""","=""9781609619831""",0,4.30,Rodale Books,Paperback,336,2014,2014,,2020/12/13,to-read,to-read (#168),to-read,,,,0,,,0,,,,,
43715643,Fragments of an Infinite Memory,Maël Renouard,"Renouard, Maël",Peter Behrman de Sinety,"=""""","=""""",0,3.73,New York Review Books,Kindle Edition,280,2019,,,2020/12/08,to-read,to-read (#167),to-read,,,,0,,,0,,,,,
41806245,The Taiga Syndrome,Cristina Rivera Garza,"Garza, Cristina Rivera","Suzanne Levine, Aviva Kana","=""""","=""""",3,3.56,"Dorothy, a publishing project",Kindle Edition,128,2018,2012,2020/12/01,2020/12/01,the-russian-taiga,the-russian-taiga (#3),read,,,,1,,,0,,,,,
9578031,Spurious,Lars Iyer,"Iyer, Lars",,"=""193555428X""","=""9781935554288""",5,3.55,Melville House,Paperback,188,2011,2011,2019/10/06,2019/08/05,my-cup-of-tea,my-cup-of-tea (#5),read,,,,1,,,0,,,,,
11432833,A Life of One's Own,Marion Milner,"Milner, Marion",,"=""0415550653""","=""9780415550659""",5,4.02,Routledge,Paperback,180,2011,1934,2019/10/18,2019/10/11,my-cup-of-tea,my-cup-of-tea (#4),read,,,,1,,,0,,,,,
106244,Still Life with Oysters and Lemon: On Objects and Intimacy,Mark Doty,"Doty, Mark",,"=""0807066095""","=""9780807066096""",5,4.21,Beacon Press,Paperback,70,2002,2001,2020/05/10,2020/05/10,my-cup-of-tea,my-cup-of-tea (#3),read,An ode to stillness and light. ,,,1,,,0,,,,,
244261,The Street of Crocodiles,Bruno Schulz,"Schulz, Bruno","Celina Wieniewska, Mikolaj Dutsch, Hana Jechova, Anna Vivanti Salmon, Jerzy Ficowski, Jonathan Safran Foer","=""0140186255""","=""9780140186253""",5,4.12,Penguin Group,Paperback,160,1992,1933,2020/03/19,2020/01/04,my-cup-of-tea,my-cup-of-tea (#2),read,,,,1,,,0,,,,,
38458434,The Governesses,Anne Serre,"Serre, Anne",Mark Hutchinson,"=""081122807X""","=""9780811228077""",4,3.38,New Directions,Paperback,108,2018,1992,2020/10/28,2020/09/24,my-cup-of-tea,my-cup-of-tea (#1),read,,,,1,,,0,,,,,
16386148,Consolations of the Forest,Sylvain Tesson,"Tesson, Sylvain",,"=""0141975474""","=""9780141975474""",4,3.87,Allen Lane,Hardcover,239,2012,2011,2017/10/19,2017/06/16,the-russian-taiga,the-russian-taiga (#2),read,,,,1,,,0,,,,,
22466714,The Dead Mountaineer's Inn,Arkady Strugatsky,"Strugatsky, Arkady","Boris Strugatsky, Jeff VanderMeer, Josh Billings","=""161219432X""","=""9781612194325""",4,3.80,Melville House,Paperback,256,2015,1970,2020/06/25,2020/06/25,the-russian-taiga,the-russian-taiga (#1),read,,,,1,,,0,,,,,
40876575,Utopia for Realists: How We Can Build the Ideal World,Rutger Bregman,"Bregman, Rutger",,"=""""","=""""",0,4.25,"Little, Brown and Company",Kindle Edition,262,2017,2014,,2020/11/28,to-read,to-read (#166),to-read,,,,0,,,0,,,,,
50725990,Humankind: A Hopeful History,Rutger Bregman,"Bregman, Rutger",,"=""""","=""""",0,4.32,Bloomsbury Publishing,Kindle Edition,464,2020,2019,,2020/11/28,to-read,to-read (#165),to-read,,,,0,,,0,,,,,
50998820,The Flavor Equation: The Science of Great Cooking Explained in More Than 100 Essential Recipes,Nik Sharma,"Sharma, Nik",,"=""1452182698""","=""9781452182698""",0,4.21,Chronicle Books,Hardcover,352,2020,2020,,2020/11/18,"to-read, kitchen","to-read (#164), kitchen (#4)",to-read,,,,0,,,0,,,,,
8126136,Spark: The Revolutionary New Science of Exercise and the Brain,John J. Ratey,"Ratey, John J.",,"=""""","=""""",3,4.13,"Little, Brown and Company",Kindle Edition,305,2008,2008,2020/11/14,2020/11/14,,,read,,,,1,,,0,,,,,
52578297,The Midnight Library,Matt Haig,"Haig, Matt",,"=""""","=""""",0,4.19,Viking,Hardcover,288,2020,2020,,2020/11/12,to-read,to-read (#163),to-read,,,,0,,,0,,,,,
50891792,One Writer's Beginnings,Eudora Welty,"Welty, Eudora",Natasha Trethewey,"=""1982151773""","=""9781982151775""",0,4.07,Scribner,Hardcover,160,2020,1983,,2020/11/12,to-read,to-read (#162),to-read,,,,0,,,0,,,,,
45289222,Writers & Lovers,Lily King,"King, Lily",,"=""""","=""""",0,4.09,Grove Press,Hardcover,320,2020,2020,,2020/11/12,to-read,to-read (#161),to-read,,,,0,,,0,,,,,
49127718,Anxious People,Fredrik Backman,"Backman, Fredrik",Neil Smith,"=""""","=""""",0,4.27,Atria Books,Hardcover,341,2020,2019,,2020/10/17,to-read,to-read (#160),to-read,,,,0,,,0,,,,,
21032,Existential Psychotherapy,Irvin D. Yalom,"Yalom, Irvin D.",,"=""0465021476""","=""9780465021475""",0,4.41,Basic Books,Hardcover,544,1980,1980,,2020/10/11,to-read,to-read (#159),to-read,,,,0,,,0,,,,,
18222843,Stuff Matters: Exploring the Marvelous Materials That Shape Our Man-Made World,Mark Miodownik,"Miodownik, Mark",,"=""0544236041""","=""9780544236042""",3,4.10,Houghton Mifflin Harcourt,Hardcover,272,2014,2013,2020/10/05,2019/12/27,,,read,,,,1,,,0,,,,,
52075,The Wisdom of Life and Counsels and Maxims,Arthur Schopenhauer,"Schopenhauer, Arthur","Robert M. Baird, Stuart E. Rosenbaum","=""1573920339""","=""9781573920339""",4,4.30,Prometheus Books,Paperback,230,1995,1851,,2011/03/07,,,read,,,,1,,,0,,,,,
109653,Fowler's Modern English Usage,Henry Watson Fowler,"Fowler, Henry Watson",Robert W. Burchfield,"=""0198610211""","=""9780198610212""",0,4.22,Oxford University Press,Hardcover,896,2004,1926,,2020/09/28,to-read,to-read (#158),to-read,,,,0,,,0,,,,,
35628595,"Winter (Seasons Quartet, #2)",Karl Ove Knausgård,"Knausgård, Karl Ove","Karl Ove Knausgaard, Lars Lerin, Ingvild Burkey","=""0399563334""","=""9780399563331""",0,3.85,Penguin Press,Hardcover,254,2018,2015,,2020/09/27,to-read,to-read (#156),to-read,,,,0,,,0,,,,,
14971272,The Wall,Marlen Haushofer,"Haushofer, Marlen",Shaun Whiteside,"=""1573449067""","=""9781573449069""",4,4.03,Cleis Press,Paperback,244,2013,1963,2020/09/27,2020/09/26,,,read,,,,1,,,0,,,,,
3334792,کتاب آبی,Ludwig Wittgenstein,"Wittgenstein, Ludwig",مالک حسینی,"=""""","=""""",5,4.14,هرمس,,130,2006,1935,,2013/08/06,,,read,,,,1,,,0,,,,,
5293573,The Pleasures and Sorrows of Work,Alain de Botton,"Botton, Alain de",,"=""037542444X""","=""9780375424441""",0,3.62,Pantheon,Hardcover,336,2009,2008,,2020/09/24,to-read,to-read (#155),to-read,,,,0,,,0,,,,,
7359043,Ingeborg Bachmann - Paul Celan. Correspondence,Ingeborg Bachmann,"Bachmann, Ingeborg","Paul Celan, Wieland Hoban","=""1906497443""","=""9781906497446""",0,4.32,Seagull Books,Hardcover,373,2010,2008,,2020/09/17,to-read,to-read (#154),to-read,,,,0,,,0,,,,,
40121328,"Cribsheet: A Data-Driven Guide to Better, More Relaxed Parenting, from Birth to Preschool",Emily Oster,"Oster, Emily",,"=""0525559256""","=""9780525559252""",2,4.12,Penguin Press,Hardcover,352,2019,2019,2020/08/19,2020/08/19,growing-up,growing-up (#10),read,"Light reading. That is not to say that it's a bad book; only that if you are hungry for a more in-depth scientific analysis, this might not be the exact book you should be opening. Good as a gentle introduction to all things baby-related, though. And it's refreshing to see randomized clinical trials held on the pedestal they deserve to be held, especially in a parenting book.",,,1,,,0,,,,,
8445273,Brain Rules for Baby: How to Raise a Smart and Happy Child from Zero to Five,John Medina,"Medina, John",,"=""0979777763""","=""9780979777769""",4,4.29,Pear Press,Audiobook,305,2010,2010,2020/09/05,2020/09/05,growing-up,growing-up (#9),read,,,,1,,,0,,,,,
27310514,Turing's Vision: The Birth of Computer Science,Chris Bernhardt,"Bernhardt, Chris",,"=""0262034549""","=""9780262034548""",0,4.28,MIT Press,Hardcover,208,2016,2016,,2020/09/02,to-read,to-read (#153),to-read,,,,0,,,0,,,,,
1995421,Seeking Wisdom: From Darwin To Munger,Peter Bevelin,"Bevelin, Peter",,"=""1578644283""","=""9781578644285""",0,4.36,Post Scriptum AB,Hardcover,318,2007,2003,,2020/08/16,to-read,to-read (#152),to-read,,,,0,,,0,,,,,
81021,Angela Carter's Book of Fairy Tales,Angela Carter,"Carter, Angela",Corinna Sargood,"=""1844081737""","=""9781844081738""",0,4.15,Virago,Hardcover,486,2005,1992,,2020/08/13,to-read,to-read (#151),to-read,,,,0,,,0,,,,,
583766,An Introduction to General Systems Thinking,Gerald M. Weinberg,"Weinberg, Gerald M.",,"=""0932633498""","=""9780932633491""",0,3.97,"Dorset House Publishing Co Inc.,U.S.",Paperback,279,2001,1975,,2020/08/12,to-read,to-read (#150),to-read,,,,0,,,0,,,,,
29044,The Secret History,Donna Tartt,"Tartt, Donna",,"=""1400031702""","=""9781400031702""",4,4.10,Vintage,Paperback,559,2004,1992,2020/08/08,2020/08/08,,,read,"If someone can, for ten tireless years, work and believe in the spirit of what The Secret History is, as Donna Tartt did, then I call that a good writer of a good book. The atmosphere, the ideas, the characters, their overarching story - they all follow a red thread, to which all are coherently connected. And I like to think that their evolution and their demise - are all painfully linked to the opening paragraph of the book: <br/><br/><blockquote>“Does such a thing as 'the fatal flaw,' that showy dark crack running down the middle of a life, exist outside literature? I used to think it didn't. Now I think it does. And I think that mine is this: a morbid longing for the picturesque at all costs.” </blockquote>",,,1,,,0,,,,,
22757074,Untouched by Human Hands,Robert Sheckley,"Sheckley, Robert",,"=""""","=""""",0,4.20,Open Road Media,Kindle Edition,166,2014,1954,,2020/07/20,to-read,to-read (#149),to-read,,,,0,,,0,,,,,
3828902,Thinking in Systems: A Primer,Donella H. Meadows,"Meadows, Donella H.",Diana       Wright,"=""1603580557""","=""9781603580557""",0,4.27,Chelsea Green Publishing,Paperback,240,2008,2008,,2020/07/18,to-read,to-read (#148),to-read,,,,0,,,0,,,,,
25734172,Seven Brief Lessons on Physics,Carlo Rovelli,"Rovelli, Carlo","Simon Carnell, Erica Segre","=""0399184414""","=""9780399184413""",0,3.97,Riverhead Books,Hardcover,81,2016,2014,,2020/07/16,to-read,to-read (#147),to-read,,,,0,,,0,,,,,
36205393,Math with Bad Drawings,Ben Orlin,"Orlin, Ben",,"=""0316509035""","=""9780316509039""",0,4.23,Black Dog  Leventhal,Hardcover,376,2018,2018,,2020/07/16,to-read,to-read (#146),to-read,,,,0,,,0,,,,,
431071,Gods and Heroes of Ancient Greece,Gustav Schwab,"Schwab, Gustav",Werner Wilhelm Jaeger,"=""""","=""""",0,4.13,Pantheon,Paperback,768,2001,1837,,2020/06/29,to-read,to-read (#145),to-read,,,,0,,,0,,,,,
978736,The Last Samurai,Helen DeWitt,"DeWitt, Helen",,"=""0676973256""","=""9780676973259""",0,4.16,Alfred A. Knopf Canada,Hardcover,530,2000,2000,,2020/06/24,to-read,to-read (#144),to-read,,,,0,,,0,,,,,
861004,Niels Lyhne,Jens Peter Jacobsen,"Jacobsen, Jens Peter","Eric Johannesson, Tiina Nunnally","=""0143039814""","=""9780143039815""",0,3.96,Penguin Classics,Paperback,187,2007,1880,,2013/10/15,to-read,to-read (#4),to-read,,,,0,,,0,,,,,
26764855,The Language Instinct: How the Mind Creates Language,Steven Pinker,"Pinker, Steven",,"=""014198077X""","=""9780141980775""",0,4.01,Penguin,Paperback,528,2015,1994,,2016/12/02,to-read,to-read (#39),to-read,,,,0,,,0,,,,,
2804,Passionate Minds,David Bodanis,"Bodanis, David",,"=""0307237206""","=""9780307237200""",0,4.10,Crown Publishing Group (NY),Hardcover,373,2006,2006,,2020/06/07,to-read,to-read (#143),to-read,,,,0,,,0,,,,,
41563262,The Map of Knowledge: How Classical Ideas Were Lost and Found: A History in Seven Cities,Violet Moller,"Moller, Violet",,"=""""","=""""",0,3.88,Picador,Kindle Edition,304,2019,2019,,2020/06/07,to-read,to-read (#142),to-read,,,,0,,,0,,,,,
18997883,Leaving the Atocha Station,Ben Lerner,"Lerner, Ben",,"=""""","=""""",2,3.79,Coffee House Press,Kindle Edition,186,2011,2011,2020/05/31,2020/05/30,,,read,"A decent thinker, but whose self-indulgence expressed in writing slightly severs whatever potential those good ideas in the book could have had. Good scribbling, but in no way that's <i>literature</i>.",,,1,,,0,,,,,
589278,He: Understanding Masculine Psychology,Robert A. Johnson,"Johnson, Robert A.",,"=""0060963964""","=""9780060963965""",0,4.04,Harper Perennial,Paperback,112,2020,1974,,2020/05/18,to-read,to-read (#141),to-read,,,,0,,,0,,,,,
730376,Vertigo,W.G. Sebald,"Sebald, W.G.",Michael Hulse,"=""0811214850""","=""9780811214858""",0,4.02,New Directions Publishing,Paperback,263,2001,1990,,2020/05/09,to-read,to-read (#140),to-read,,,,0,,,0,,,,,
38058832,The Memory Police,Yōko Ogawa,"Ogawa, Yōko",Stephen    Snyder,"=""""","=""""",3,3.79,Pantheon,Kindle Edition,289,2019,1994,2020/05/02,2020/05/01,,,read,,,,1,,,0,,,,,
45011012,Temporary,Hilary Leichter,"Leichter, Hilary",,"=""1566895669""","=""9781566895668""",0,3.83,Coffee House Press,Paperback,208,2020,2020,,2020/04/21,to-read,to-read (#139),to-read,,,,0,,,0,,,,,
22052330,Elevating Child Care: A Guide to Respectful Parenting,Janet Lansbury,"Lansbury, Janet",,"=""1499103670""","=""9781499103670""",4,4.29,CreateSpace Independent Publishing Platform,Paperback,150,2014,2014,2020/03/15,2020/03/15,growing-up,growing-up (#8),read,,,,1,,,0,,,,,
8108445,Cat's Cradle,Kurt Vonnegut Jr.,"Jr., Kurt Vonnegut",Benjamin Kunkel,"=""0241951607""","=""9780241951606""",2,4.16,Penguin,Mass Market Paperback,206,2011,1963,2020/04/19,2020/04/19,,,read,,,,1,,,0,,,,,
42982562,A Change of Time,Ida Jessen,"Jessen, Ida",Martin Aitken,"=""1939810175""","=""9781939810175""",0,3.77,Archipelago,Paperback,250,2019,2015,,2020/04/18,to-read,to-read (#138),to-read,,,,0,,,0,,,,,
52668196,"Do Nothing: How to Break Away from Overworking, Overdoing, and Underliving",Celeste Headlee,"Headlee, Celeste",,"=""1984824732""","=""9781984824738""",0,3.88,Harmony,Hardcover,288,2020,2020,,2020/04/13,to-read,to-read (#137),to-read,,,,0,,,0,,,,,
33503495,No Time to Spare: Thinking About What Matters,Ursula K. Le Guin,"Guin, Ursula K. Le",Karen Joy Fowler,"=""1328661598""","=""9781328661593""",2,4.03,Houghton Mifflin Harcourt,Hardcover,215,2017,2017,2020/04/01,2020/04/13,,,read,,,,1,,,0,,,,,
647351,The Image of the City,Kevin Lynch,"Lynch, Kevin",,"=""0262620014""","=""9780262620017""",0,4.06,MIT Press,Paperback,202,1964,1960,,2020/04/13,to-read,to-read (#136),to-read,,,,0,,,0,,,,,
51008403,Malicroix,Henri Bosco,"Bosco, Henri",Joyce Zonana,"=""1681374102""","=""9781681374109""",0,3.70,NYRB Classics,Paperback,286,2020,1948,,2020/04/09,to-read,to-read (#135),to-read,,,,0,,,0,,,,,
40086702,Nine Lies About Work: A Freethinking Leader’s Guide to the Real World,Marcus Buckingham,"Buckingham, Marcus",Ashley Goodall,"=""""","=""""",0,4.15,Harvard Business Review Press,Kindle Edition,256,2019,2019,,2020/04/05,to-read,to-read (#134),to-read,,,,0,,,0,,,,,
29358559,Upstream: Selected Essays,Mary Oliver,"Oliver, Mary",,"=""1594206708""","=""9781594206702""",4,4.22,Penguin Press,Hardcover,178,2016,2016,2020/03/30,2020/03/30,,,read,,,,1,,,0,,,,,
35099236,Lagom: The Swedish Art of Balanced Living,Linnea Dunne,"Dunne, Linnea",,"=""0762463759""","=""9780762463756""",1,3.58,Running Press Adult,Hardcover,160,2017,2017,2020/03/22,2020/03/22,,,read,,,,1,,,0,,,,,
30833,The Death and Life of Great American Cities,Jane Jacobs,"Jacobs, Jane",,"=""0375508732""","=""9780375508738""",0,4.31,Random House,Hardcover,472,2002,1961,,2020/03/19,to-read,to-read (#133),to-read,,,,0,,,0,,,,,
573005,Learning All The Time,John C. Holt,"Holt, John C.",,"=""0201550911""","=""9780201550917""",0,4.26,Da Capo Lifelong Books,Paperback,192,1990,1989,,2020/03/14,"to-read, growing-up","to-read (#132), growing-up (#7)",to-read,,,,0,,,0,,,,,
52050685,Dark Satellites,Clemens Meyer,"Meyer, Clemens",Katy Derbyshire,"=""1913097137""","=""9781913097134""",0,3.64,Fitzcarraldo Editions,Paperback,221,2020,2017,,2020/01/17,to-read,to-read (#130),to-read,,,,0,,,0,,,,,
34217510,"Fatal Discord: Erasmus, Luther, and the Fight for the Western Mind",Michael Massing,"Massing, Michael",,"=""0060517603""","=""9780060517601""",0,4.39,Harper/HarperCollins Publishers L.L.C.,Hardcover,1008,2018,2018,,2020/02/18,to-read,to-read (#131),to-read,,,,0,,,0,,,,,
37941732,Hiking with Nietzsche: On Becoming Who You Are,John Kaag,"Kaag, John",,"=""0374170010""","=""9780374170011""",3,3.71,"Farrar, Straus and Giroux",Hardcover,272,2018,2018,2020/02/18,2020/01/15,,,read,,,,1,,,0,,,,,
880694,Hotel du Lac,Anita Brookner,"Brookner, Anita",,"=""""","=""9780140147476""",3,3.59,Penguin Books Ltd,Paperback,184,1993,1984,,2020/01/31,,,read,"Why do you lend your ear to unworthy characters? Why do you slant your pen in the direction of tiny, forgettable memories? Why don't you look inwards and see more of the beauty? I heard myself asking these questions, as I went through the book, and I wonder if that is indeed the essence of it all — the sin of not being yourself. Although I revelled in the beautiful writing, there were times when I reproached her for too much of the superficial seeping into the book, in spite of herself, in spite of the entire idea of the book. ",,,1,,,0,,,,,
12577226,Dogma,Lars Iyer,"Iyer, Lars",,"=""1612190464""","=""9781612190464""",3,3.89,Melville House,Paperback,223,2012,2012,,2020/01/07,,,read,,,,2,,,0,,,,,
40554119,Optic Nerve,María Gainza,"Gainza, María",Thomas Bunstead,"=""1787300277""","=""9781787300279""",0,3.94,Harvill Secker,Hardcover,224,2019,2014,,2020/01/05,to-read,to-read (#129),to-read,,,,0,,,0,,,,,
40654427,On the Shoulders of Giants,Umberto Eco,"Eco, Umberto",,"=""1787301451""","=""9781787301450""",0,4.07,Harvill Secker,Hardcover,416,2019,2017,,2020/01/05,to-read,to-read (#128),to-read,,,,0,,,0,,,,,
44793845,The Europeans: Three Lives and the Making of a Cosmopolitan Culture,Orlando Figes,"Figes, Orlando",,"=""""","=""""",0,4.18,Penguin,Kindle Edition,564,2019,2019,,2020/01/05,to-read,to-read (#127),to-read,,,,0,,,0,,,,,
32171114,CSS in Depth,Keith J. Grant,"Grant, Keith J.",,"=""1617293458""","=""9781617293450""",4,4.60,Manning Publications,Paperback,444,2018,,,2020/01/04,,,read,,,,1,,,0,,,,,
38649691,Summer,Karl Ove Knausgård,"Knausgård, Karl Ove",,"=""0399563393""","=""9780399563393""",4,3.89,Penguin Press,Hardcover,416,2018,2016,2019/12/27,2019/12/15,,,read,"I've had an immense thirst for summer. Endless days and endless light; the peace you can only find in the shapes of green leaves and small grass. The stillness of a dimly-lit window, watched from afar. I am happy to say I found all of this here, enveloped in a comforting unpretentiousness, but meditative enough to still be stimulating. ",,,1,,,0,,,,,
32337991,Strange Chemistry: The Stories Your Chemistry Teacher Wouldn't Tell You,Steven   Farmer,"Farmer, Steven",,"=""1119265290""","=""9781119265290""",0,4.24,Wiley,ebook,364,2017,2017,,2019/12/27,to-read,to-read (#126),to-read,,,,0,,,0,,,,,
42972048,The Man Who Saw Everything,Deborah Levy,"Levy, Deborah",,"=""1632869845""","=""9781632869845""",0,3.69,Bloomsbury Publishing,Hardcover,199,2019,2019,,2019/12/22,to-read,to-read (#125),to-read,,,,0,,,0,,,,,
45135361,"Cook, Taste, Learn: How the Evolution of Science Transformed the Art of Cooking",Guy Crosby,"Crosby, Guy",,"=""0231192924""","=""9780231192927""",0,4.00,Columbia University Press,Hardcover,208,2019,,,2019/12/21,to-read,to-read (#124),to-read,,,,0,,,0,,,,,
19507,Schopenhauer's Porcupines: Intimacy And Its Dilemmas: Five Stories Of Psychotherapy,Deborah Anna Luepnitz,"Luepnitz, Deborah Anna",,"=""0465042872""","=""9780465042876""",0,4.21,Basic Books,Paperback,288,2003,2002,,2019/12/13,to-read,to-read (#123),to-read,,,,0,,,0,,,,,
927415,Humboldt's Gift,Saul Bellow,"Bellow, Saul",,"=""0141188766""","=""9780141188768""",0,3.85,Penguin Books,Paperback,487,2007,1975,,2017/09/07,to-read,to-read (#65),to-read,,,,0,,,0,,,,,
34272477,"Autumn (Seasons Quartet, #1)",Karl Ove Knausgård,"Knausgård, Karl Ove","Ingvild Burkey, Vanessa Baird, Karl Ove Knausgaard","=""039956330X""","=""9780399563300""",2,3.72,Penguin Press,Hardcover,224,2017,2015,,2019/11/23,,,read,"There is potential; there are occasional glimpses of wit, and at times it gleams with intimacy. But they are just too sparse. The mundane is overpraised; so much so that some chapters, themselves, become mundane and unremarkable. I suppose that is the risk we run when writing about the mundane, after all. ",,,1,,,0,,,,,
25716580,Victory: An Island Tale,Joseph Conrad,"Conrad, Joseph",John Gray,"=""0241189659""","=""9780241189658""",0,3.85,Penguin Books,Paperback,432,2015,1915,,2019/11/16,to-read,to-read (#122),to-read,,,,0,,,0,,,,,
815637,Little Birds ,Anaïs Nin,"Nin, Anaïs",,"=""0141183403""","=""9780141183404""",4,3.72,Penguin Classics,Paperback,144,2002,1979,2019/11/10,2019/11/09,,,read,,,,1,,,0,,,,,
17573208,A Breath of Life,Clarice Lispector,"Lispector, Clarice",,"=""0141197374""","=""9780141197371""",0,4.27,Penguin Classics,Paperback,167,2014,1978,,2019/11/10,to-read,to-read (#121),to-read,,,,0,,,0,,,,,
387986,The Faber Book of Utopias,John Carey,"Carey, John",,"=""0571203175""","=""9780571203178""",0,4.12,faber and faber,Paperback,531,1999,1999,,2019/10/29,to-read,to-read (#120),to-read,,,,0,,,0,,,,,
49983,An Intimate History of Humanity,Theodore Zeldin,"Zeldin, Theodore",,"=""0060926910""","=""9780060926915""",0,4.11,Harper Perennial,Paperback,496,1995,1994,,2019/10/19,to-read,to-read (#119),to-read,,,,0,,,0,,,,,
40000479,"Love, Money, and Parenting: How Economics Explains the Way We Raise Our Kids",Matthias Doepke,"Doepke, Matthias",Fabrizio Zilibotti,"=""0691171513""","=""9780691171517""",4,3.64,Princeton University Press,Hardcover,384,2019,2019,2019/10/05,2019/09/19,,,read,"Academic goodness, succeeding in analysing a particular topic - parenting styles and economics, whilst skilfully keeping aspects of history, religion and culture as a backdrop. Appropriately enough, you get the entire picture; and thus, a deeper understanding of the choices that parents make and need to make in relation to their children. While the writing can sometimes feel dry, I loved how thorough the analysis was, up until the very end. ",,,1,,,0,,,,,
134218,Home: A Short History of an Idea,Witold Rybczynski,"Rybczynski, Witold",,"=""0140102310""","=""9780140102314""",0,3.93,Penguin Group,Paperback,272,1987,1986,,2019/09/26,to-read,to-read (#118),to-read,,,,0,,,0,,,,,
1833852,A Fraction of the Whole,Steve Toltz,"Toltz, Steve",,"=""0385521723""","=""9780385521727""",0,4.14,Spiegel & Grau,Hardcover,530,2008,2008,,2019/09/19,to-read,to-read (#117),to-read,,,,0,,,0,,,,,
39026990,How to Invent Everything: A Survival Guide for the Stranded Time Traveler,Ryan North,"North, Ryan",,"=""073522014X""","=""9780735220140""",0,4.14,Riverhead Books,Hardcover,437,2018,2018,,2019/09/18,to-read,to-read (#116),to-read,,,,0,,,0,,,,,
40554441,Binstead's Safari,Rachel Ingalls,"Ingalls, Rachel",,"=""0811228460""","=""9780811228466""",4,3.82,New Directions,Paperback,224,2019,1988,2019/09/17,2019/08/06,,,read,,,,1,,,0,,,,,
116170,The Works: Anatomy of a City,Kate Ascher,"Ascher, Kate",,"=""1594200718""","=""9781594200717""",3,4.10,"Penguin Press HC, The",Hardcover,240,2005,2005,2019/09/14,2016/12/02,,,read,"A gentle introduction to the inner workings of cities, with beautiful and equally useful illustrations. <br/><br/>I like to believe that the way New York functions as a city has inspired other places around the world as well; but that's for me to find out next. So if the topic of ""cities-as-a-live-organism"" fascinate you - as they fascinate me, this book will definitely not quench your thirst; it will only make you want more. ",,,1,,,0,,,,,
41774607,My Friends,Emmanuel Bove,"Bove, Emmanuel",Janet Louth,"=""1681373130""","=""9781681373133""",0,4.16,NYRB Classics,Paperback,168,2019,1924,,2019/09/08,to-read,to-read (#115),to-read,,,,0,,,0,,,,,
44294979,"Apple, Tree: Writers on Their Parents",Lise Funderburg,"Funderburg, Lise",,"=""1496212096""","=""9781496212092""",0,3.91,University of Nebraska Press,Hardcover,232,2019,2019,,2019/09/06,to-read,to-read (#114),to-read,,,,0,,,0,,,,,
9542311,Packing for Mars: The Curious Science of Life in the Void,Mary Roach,"Roach, Mary",,"=""0393339912""","=""9780393339918""",2,3.94,W. W. Norton  Company,Paperback,334,2011,2010,2019/09/01,2019/08/24,,,read,"Although the topic is infinitely interesting, and spins on a new take about space exploration and what being an astronaut means, I found the writing style a little too journalistic for my taste, especially given the subject. The bits of trivia about space in general, biology and how people behave in small, confined spaces surely did open an appetite for more like this.",,,1,,,0,,,,,
7480034,"Red Mars (Mars Trilogy, #1)",Kim Stanley Robinson,"Robinson, Kim Stanley",,"=""0007310161""","=""9780007310166""",0,3.86,Voyager,Paperback,671,2009,1992,,2019/07/24,to-read,to-read (#113),to-read,,,,0,,,0,,,,,
40744575,"Left Bank: Art, Passion, and the Rebirth of Paris, 1940-50",Agnès Poirier,"Poirier, Agnès",,"=""1408857472""","=""9781408857472""",0,4.01,Bloomsbury Publishing,Paperback,400,2018,2018,,2019/02/08,to-read,to-read (#112),to-read,,,,0,,,0,,,,,
40867533,The Forest of Wool and Steel,Natsu Miyashita,"Miyashita, Natsu",Philip Gabriel,"=""0857525182""","=""9780857525185""",0,3.77,Doubleday,Hardcover,224,2019,2015,,2019/08/31,to-read,to-read (#111),to-read,,,,0,,,0,,,,,
13547494,"Because I Said So! : The Truth Behind the Myths, Tales, and Warnings Every Generation Passes Down to Its Kids",Ken Jennings,"Jennings, Ken",,"=""1451656254""","=""9781451656251""",2,3.58,Scribner,Hardcover,237,2012,2012,,2019/08/19,,,read,,,,1,,,0,,,,,
36358269,The Bear and the Paving Stone,Toshiyuki Horie,"Horie, Toshiyuki",Geraint Howells,"=""1782274375""","=""9781782274377""",0,3.44,Pushkin Press,Paperback,123,2018,2001,,2019/08/18,to-read,to-read (#110),to-read,,,,0,,,0,,,,,
43862305,The Factory,Hiroko Oyamada,"Oyamada, Hiroko",David Boyd,"=""0811228851""","=""9780811228855""",0,3.43,New Directions,Paperback,116,2019,2013,,2019/08/18,to-read,to-read (#109),to-read,,,,0,,,0,,,,,
984015,The Waste Books,Georg Christoph Lichtenberg,"Lichtenberg, Georg Christoph",R.J. Hollingdale,"=""0940322501""","=""9780940322509""",0,4.14,NYRB Classics,Paperback,264,2000,1806,,2019/08/13,to-read,to-read (#108),to-read,,,,0,,,0,,,,,
36794489,When Einstein Walked with Gödel: Excursions to the Edge of Thought,Jim Holt,"Holt, Jim",,"=""0374146705""","=""9780374146702""",0,4.04,"Farrar, Straus and Giroux",Hardcover,368,2018,2018,,2019/08/04,to-read,to-read (#107),to-read,,,,0,,,0,,,,,
22847284,Grokking Algorithms An Illustrated Guide For Programmers and Other Curious People,Aditya Y. Bhargava,"Bhargava, Aditya Y.",,"=""1617292230""","=""9781617292231""",0,4.41,Manning Publications Co,Paperback,256,2015,2015,,2019/08/04,to-read,to-read (#106),to-read,,,,0,,,0,,,,,
41952185,The Tenth Muse,Catherine Chung,"Chung, Catherine",,"=""006257406X""","=""9780062574060""",0,4.03,Ecco,Hardcover,291,2019,2019,,2019/08/04,to-read,to-read (#105),to-read,,,,0,,,0,,,,,
26541454,Seeking Wisdom: From Darwin to Munger,Peter Bevelin,"Bevelin, Peter",,"=""1587991888""","=""""",0,4.36,Texere,Hardcover,288,,2003,,2019/08/04,to-read,to-read (#104),to-read,,,,0,,,0,,,,,
9536930,Incognito: The Secret Lives of the Brain,David Eagleman,"Eagleman, David",,"=""1847679382""","=""9781847679383""",0,4.06,Pantheon Books,Hardcover,272,2011,2011,,2019/08/04,to-read,to-read (#103),to-read,,,,0,,,0,,,,,
805039,Bonjour Tristesse,Françoise Sagan,"Sagan, Françoise",Irene Ash,"=""0140278788""","=""9780140278781""",4,3.66,Penguin ,Paperback,112,1998,1954,,2019/08/04,,,read,,,,1,,,0,,,,,
10152344,The City of Beautiful Nonsense,E. Temple Thurston,"Thurston, E. Temple",,"=""1145338208""","=""9781145338203""",0,4.26,Nabu Press,Paperback,360,2010,1910,,2019/08/04,to-read,to-read (#102),to-read,,,,0,,,0,,,,,
265993,The Thirtieth Year: Stories,Ingeborg Bachmann,"Bachmann, Ingeborg",Michael Bullock,"=""0841910693""","=""9780841910690""",0,4.05,Holmes & Meier Publishers,Paperback,212,1995,1961,,2019/08/03,to-read,to-read (#101),to-read,,,,0,,,0,,,,,
103761,Zen in the Art of Writing,Ray Bradbury,"Bradbury, Ray",,"=""0553296345""","=""9780553296341""",5,4.10,Bantam,Paperback,158,1992,1973,,2019/07/23,,,read,,,,1,,,0,,,,,
732880,A Secure Base,John Bowlby,"Bowlby, John",Jeremy Holmes,"=""0415355273""","=""9780415355278""",3,4.26,Routledge,Paperback,204,2005,1988,,2015/05/02,"psi, growing-up","psi (#6), growing-up (#6)",read,,,,1,,,0,,,,,
1173018,Human Nature,D.W. Winnicott,"Winnicott, D.W.",,"=""0805240462""","=""9780805240467""",0,4.17,Schocken,Hardcover,189,1988,1988,,2014/12/12,"to-read, growing-up","to-read (#17), growing-up (#5)",to-read,,,,0,,,0,,,,,
1259917,The Family and Individual Development,D.W. Winnicott,"Winnicott, D.W.",,"=""0415043255""","=""9780415043250""",0,4.00,Routledge,Paperback,,1990,1965,,2014/12/12,"to-read, growing-up","to-read (#18), growing-up (#4)",to-read,,,,0,,,0,,,,,
547830,Becoming Attached: First Relationships and How They Shape Our Capacity to Love,Robert Karen,"Karen, Robert",,"=""0195115015""","=""9780195115017""",0,4.23,"Oxford University Press, USA",Paperback,512,1998,1994,,2016/09/23,"to-read, growing-up","to-read (#30), growing-up (#3)",to-read,,,,0,,,0,,,,,
885075,The Making and Breaking of Affectional Bonds,John Bowlby,"Bowlby, John",,"=""0415354811""","=""9780415354813""",0,4.10,Routledge,Paperback,212,2005,1990,,2016/12/02,"to-read, psi, growing-up","to-read (#38), psi (#1), growing-up (#2)",to-read,,,,0,,,0,,,,,
791136,Home Is Where We Start from,D.W. Winnicott,"Winnicott, D.W.",,"=""0393306674""","=""9780393306675""",0,4.05,W. W. Norton  Company,Paperback,288,1990,1986,,2017/04/22,"to-read, growing-up","to-read (#58), growing-up (#1)",to-read,,,,0,,,0,,,,,
382619,Sunflower,Gyula Krúdy,"Krúdy, Gyula","John Batki, John Lukacs","=""1590171861""","=""9781590171868""",3,3.73,NYRB Classics,Paperback,229,2007,1918,,2018/03/11,,,read,,,,1,,,0,,,,,
39704874,Mating in Captivity: Unlocking Erotic Intelligence,Esther Perel,"Perel, Esther",,"=""""","=""""",5,4.16,HarperCollins e-books,Kindle Edition,264,2018,2006,,2019/07/24,,,read,,,,1,,,0,,,,,
2076418,Small Ceremonies,Carol Shields,"Shields, Carol",,"=""0394224841""","=""9780394224848""",4,3.73,Vintage Canada,Paperback,192,1995,1976,,2019/06/28,,,read,,,,1,,,0,,,,,
153347,Three Steps on the Ladder of Writing,Hélène Cixous,"Cixous, Hélène",Susan Sellers,"=""0231076592""","=""9780231076593""",0,4.35,Columbia University Press,Paperback,162,1994,1993,,2019/07/10,to-read,to-read (#100),to-read,,,,0,,,0,,,,,
41970693,Strike Your Heart,Amélie Nothomb,"Nothomb, Amélie",Alison Anderson,"=""1609454855""","=""9781609454852""",0,3.87,Europa Editions,Paperback,128,2018,2017,,2019/06/20,to-read,to-read (#99),to-read,,,,0,,,0,,,,,
21747642,What I Talk About When I Talk About Running,Haruki Murakami,"Murakami, Haruki",,"=""""","=""""",3,3.85,Vintage,Paperback,181,2009,2007,,2019/06/15,,,read,,,,2,,,0,,,,,
38470220,The Lady and the Little Fox Fur,Violette Leduc,"Leduc, Violette","Derek Coltman, Deborah Levy","=""0241357454""","=""9780241357453""",0,3.67,Penguin,Paperback,80,2018,1965,,2019/06/14,to-read,to-read (#98),to-read,,,,0,,,0,,,,,
1011826,The Education of T.C. Mits: What modern mathematics means to you,Lillian R. Lieber,"Lieber, Lillian R.","Hugh Gray Lieber, Barry Mazur","=""1589880331""","=""9781589880337""",0,4.28,Paul Dry Books,Paperback,230,2008,2007,,2019/06/09,to-read,to-read (#97),to-read,,,,0,,,0,,,,,
12172,Memoirs of Hadrian,Marguerite Yourcenar,"Yourcenar, Marguerite",Grace Frick,"=""0374529264""","=""9780374529260""",3,4.25,"Farrar, Straus and Giroux",Paperback,347,2005,1951,,2019/06/03,,,read,,,,1,,,0,,,,,
1927322,Rhinoceros,Eugène Ionesco,"Ionesco, Eugène",Martin Crimp,"=""0571240232""","=""9780571240234""",3,3.88,Faber & Faber,Paperback,160,2007,1959,,2016/09/14,,,read,,,,1,,,0,,,,,
34466963,Why We Sleep: Unlocking the Power of Sleep and Dreams,Matthew Walker,"Walker, Matthew",,"=""""","=""""",4,4.37,Scribner,Hardcover,368,2017,2017,,2018/01/24,,,read,,,,1,,,0,,,,,
35133922,Educated,Tara Westover,"Westover, Tara",,"=""""","=""""",3,4.46,Random House,Hardcover,334,2018,2018,,2019/04/21,,,read,"Here, the story itself dominates. I didn't feel much of her voice, her feelings, or her character - as much as a struggle to get a story out on the pages. Perhaps that, in turn, says something about the book or the writer. ",,,1,,,0,,,,,
19062459,What I Loved,Siri Hustvedt,"Hustvedt, Siri",,"=""""","=""""",2,4.06,Henry Holt and Co.,Kindle Edition,386,2004,2002,,2019/06/02,,,read,Two stars. It's a beautifully-written book; the kind of book that wraps its words around you and doesn't let go easily. It's the kind of book that has a haunting quality to it. Two stars - only because that quality is too much connected to sadness. ,,,1,,,0,,,,,
30826231,Designing Interface Animation: Meaningful Motion for User Experience,Val Head,"Head, Val",,"=""1933820721""","=""""",0,4.26,Rosenfeld,Paperback,240,2016,,,2019/05/14,to-read,to-read (#96),to-read,,,,0,,,0,,,,,
301763,Approaching Eye Level,Vivian Gornick,"Gornick, Vivian",,"=""0807070912""","=""9780807070918""",0,3.86,Beacon Press,Paperback,176,1997,1996,,2019/05/15,to-read,to-read (#95),to-read,,,,0,,,0,,,,,
19669336,Flow: The Psychology of Optimal Experience,Mihaly Csikszentmihalyi,"Csikszentmihalyi, Mihaly",,"=""""","=""""",2,4.09,HarperCollins e-books,Kindle Edition,336,2008,1990,2018/07/14,2016/03/29,,,read,,,,1,,,0,,,,,
44106855,"Healthier Together: Recipes for Two--Nourish Your Body, Nourish Your Relationships: A Cookbook",Liz Moody,"Moody, Liz",,"=""""","=""""",0,4.17,Clarkson Potter,Kindle Edition,220,2019,,,2019/04/25,"to-read, kitchen","to-read (#94), kitchen (#3)",to-read,,,,0,,,0,,,,,
435488,Copenhagen,Michael Frayn,"Frayn, Michael",,"=""0385720793""","=""9780385720793""",0,4.01,Anchor Books,Paperback,132,2000,1998,,2019/04/25,to-read,to-read (#93),to-read,,,,0,,,0,,,,,
458275,The Pilgrim Hawk,Glenway Wescott,"Wescott, Glenway",Michael Cunningham,"=""0940322560""","=""9780940322561""",0,3.61,NYRB Classics,Paperback,136,2001,1940,,2019/04/25,to-read,to-read (#92),to-read,,,,0,,,0,,,,,
1331869,The Needs of Strangers,Michael Ignatieff,"Ignatieff, Michael",,"=""0099435519""","=""9780099435518""",0,3.83,London: Vintage,Paperback,156,1994,1984,,2019/04/25,to-read,to-read (#91),to-read,,,,0,,,0,,,,,
111604,Conditions of Love: The Philosophy of Intimacy,John Armstrong,"Armstrong, John",,"=""0393057593""","=""9780393057591""",0,3.91,W. W. Norton  Company,Hardcover,176,2003,2002,,2019/04/25,to-read,to-read (#90),to-read,,,,0,,,0,,,,,
36568405,Orphic Paris,Henri Cole,"Cole, Henri",,"=""""","=""""",4,4.05,New York Review Books,Kindle Edition,177,2018,2018,,2019/01/09,,,read,,,,1,,,0,,,,,
24376201,Essays in Love,Alain de Botton,"Botton, Alain de",,"=""1447275322""","=""9781447275329""",3,3.98,Picador Classic,Paperback,224,2015,1993,,2019/03/15,,,read,,,,1,,,0,,,,,
2459739,Insomnia: A Cultural History,Eluned Summers-Bremner,"Summers-Bremner, Eluned",,"=""1861893175""","=""9781861893178""",0,3.31,Reaktion Books,Hardcover,176,2008,2008,,2019/02/09,to-read,to-read (#87),to-read,,,,0,,,0,,,,,
16234597,The Conquest of Happiness,Bertrand Russell,"Russell, Bertrand",Daniel C. Dennett,"=""087140673X""","=""9780871406736""",0,4.02,Liveright,Paperback,224,2013,1930,,2019/02/09,to-read,to-read (#89),to-read,,,,0,,,0,,,,,
18133681,Bartleby & Co.,Enrique Vila-Matas,"Vila-Matas, Enrique",Ileana Scipione,"=""9735767031""","=""9789735767037""",0,3.96,RAO,Paperback,192,2005,2000,,2019/02/09,to-read,to-read (#88),to-read,,,,0,,,0,,,,,
91078,Coming to Our Senses: Healing Ourselves and the World Through Mindfulness,Jon Kabat-Zinn,"Kabat-Zinn, Jon",,"=""0786886544""","=""9780786886548""",0,3.90,Hachette Books,Paperback,656,2006,2004,,2019/02/09,to-read,to-read (#86),to-read,,,,0,,,0,,,,,
132508,Letty Fox: Her Luck,Christina Stead,"Stead, Christina",Tim Parks,"=""0940322706""","=""9780940322707""",0,3.69,NYRB Classics,Paperback,640,2001,1946,,2018/12/29,to-read,to-read (#85),to-read,,,,0,,,0,,,,,
41842200,Family Lexicon,Natalia Ginzburg,"Ginzburg, Natalia",Tim Parks,"=""1911547259""","=""""",0,3.94,Daunt Books,Paperback,304,2018,1963,,2018/12/23,to-read,to-read (#84),to-read,,,,0,,,0,,,,,
13082436,The Passion According to G.H.,Clarice Lispector,"Lispector, Clarice","Idra Novey, Caetano Veloso, Benjamin Moser","=""0811219682""","=""9780811219686""",0,4.13,New Directions,Paperback,193,2012,1964,,2018/12/01,to-read,to-read (#83),to-read,,,,0,,,0,,,,,
28263445,The Odd Woman and the City: A Memoir,Vivian Gornick,"Gornick, Vivian",,"=""""","=""""",4,3.87,Nero,Kindle Edition,192,2016,2015,,2018/11/13,,,read,,,,1,,,0,,,,,
71490,The Adventures and Misadventures of Maqroll,Álvaro Mutis,"Mutis, Álvaro","Edith Grossman, Francisco Goldman","=""0940322919""","=""9780940322912""",0,4.34,NYRB Classics,Paperback,700,2002,1993,,2018/10/10,to-read,to-read (#82),to-read,,,,0,,,0,,,,,
398352,The Enchanted April,Elizabeth von Arnim,"Arnim, Elizabeth von",Cathleen Schine,"=""1590172256""","=""9781590172254""",0,3.93,NYRB Classics,Paperback,247,2007,1922,,2018/10/10,to-read,to-read (#81),to-read,,,,0,,,0,,,,,
6310492,No Tomorrow,Vivant Denon,"Denon, Vivant","Peter Brooks, Malle Talvet, Lydia Davis","=""1590173260""","=""9781590173268""",0,3.57,NYRB Classics,Paperback,63,2009,1777,,2018/10/10,to-read,to-read (#80),to-read,,,,0,,,0,,,,,
599441,Piano,Jean Echenoz,"Echenoz, Jean",Mark Polizzotti,"=""1565848713""","=""9781565848719""",0,3.55,The New Press,Hardcover,128,2004,2003,,2018/10/10,to-read,to-read (#79),to-read,,,,0,,,0,,,,,
900055,Count d'Orgel's Ball,Raymond Radiguet,"Radiguet, Raymond",Jean Cocteau,"=""1590171381""","=""9781590171387""",0,3.61,NYRB Classics,Paperback,176,2005,1924,,2018/10/10,to-read,to-read (#78),to-read,,,,0,,,0,,,,,
162712,Geography of Home: Writings on Where We Live,Akiko Busch,"Busch, Akiko",Princeton Architectural Press,"=""1568984294""","=""9781568984292""",0,3.62,Princeton Architectural Press,Paperback,164,2003,1999,,2018/09/30,to-read,to-read (#77),to-read,,,,0,,,0,,,,,
70189,Rainer Maria Rilke and Lou Andreas-Salomé: The Correspondence,Rainer Maria Rilke,"Rilke, Rainer Maria","Lou Andreas-Salomé, Edward Snow, Michael Winkler","=""0393049760""","=""9780393049763""",0,4.29,W. W. Norton  Company,Hardcover,448,2006,1985,,2018/09/19,to-read,to-read (#76),to-read,,,,0,,,0,,,,,
9889,Breakfast at Tiffany's,Truman Capote,"Capote, Truman",,"=""""","=""""",4,3.88,"Penguin Books, UK",Paperback,157,2000,1958,,2018/08/02,,,read,,,,1,,,0,,,,,
3188964,The Doors of Perception,Aldous Huxley,"Huxley, Aldous",,"=""""","=""""",4,3.94,Chatto & Windus ,Hardcover,208,1954,1954,,2018/07/01,,,read,,,,1,,,0,,,,,
21093822,Jigsaw: An Unsentimental Education,Sybille Bedford,"Bedford, Sybille",,"=""""","=""""",4,4.13,Eland Publishing,Kindle Edition,372,2012,1989,2018/07/01,2018/06/23,,,read,,,,1,,,0,,,,,
12096,Rhinoceros / The Chairs / The Lesson,Eugène Ionesco,"Ionesco, Eugène","Derek Prouse, Donald   Watson","=""0141184299""","=""9780141184296""",3,4.02,Penguin Books,Paperback,224,2000,1962,2018/05/19,2018/05/08,,,read,,,,1,,,0,,,,,
106,Dune Messiah (Dune #2),Frank Herbert,"Herbert, Frank",,"=""0441172695""","=""9780441172696""",4,3.89,Ace Books,Mass Market Paperback,331,1987,1969,,2011/03/07,,,read,,,,1,,,0,,,,,
3399467,Four Major Plays,Henrik Ibsen,"Ibsen, Henrik","James McFarlane, Jens Arup","=""0199536198""","=""9780199536191""",4,4.13,Oxford University Press,Paperback,355,2008,1879,2018/05/02,2018/04/29,,,read,,,,1,,,0,,,,,
26196076,John,Annie Baker,"Baker, Annie",,"=""1559365293""","=""9781559365291""",2,4.29,Theatre Communications Group,Paperback,154,2016,2016,,2018/04/28,,,read,,,,1,,,0,,,,,
629,"Zen and the Art of Motorcycle Maintenance: An Inquiry Into Values (Phaedrus, #1)",Robert M. Pirsig,"Pirsig, Robert M.",,"=""0060589469""","=""9780060589462""",3,3.77,HarperTorch,Mass Market Paperback,540,2006,1974,2018/04/28,2018/04/15,,,read,,,,1,,,0,,,,,
594852,The Life and Opinions of the Tomcat Murr,E.T.A. Hoffmann,"Hoffmann, E.T.A.","Anthea Bell, Jeremy Adler","=""0140446311""","=""9780140446319""",0,3.98,Penguin Classics,Paperback,384,1999,1819,,2018/03/10,to-read,to-read (#75),to-read,,,,0,,,0,,,,,
25136217,You Don't Know JS: Up & Going,Kyle Simpson,"Simpson, Kyle",,"=""1491924411""","=""9781491924419""",4,4.33,"O'Reilly Media, Inc.",ebook,72,2015,2015,,2018/03/06,,,read,,,,1,,,0,,,,,
1407803,Zeno's Conscience,Italo Svevo,"Svevo, Italo",William Weaver,"=""014018774X""","=""9780140187748""",4,3.82,Penguin Books Ltd,Paperback,437,2002,1923,2018/02/18,2017/09/22,,,read,,,,1,,,0,,,,,
25251214,"Rendezvous with Rama (Rama, #1)",Arthur C. Clarke,"Clarke, Arthur C.",,"=""""","=""""",3,4.10,Gollancz,Paperback,252,2006,1973,,2018/02/18,,,read,,,,1,,,0,,,,,
28957278,Love Voltaire Us Apart: A Philosopher's Guide to Relationships,Julia Edelman,"Edelman, Julia",Hallie Bateman,"=""1785780999""","=""9781785780998""",0,3.42,Icon Books,Hardcover,155,2016,2016,,2018/02/12,to-read,to-read (#74),to-read,,,,0,,,0,,,,,
157409,Dream Story,Arthur Schnitzler,"Schnitzler, Arthur","J.M.Q. Davies, Frederic Raphael","=""0141182245""","=""9780141182247""",0,3.78,Penguin Classics,Paperback,99,1999,1926,,2018/01/24,to-read,to-read (#73),to-read,,,,0,,,0,,,,,
328802,Totto-chan: The Little Girl at the Window,Tetsuko Kuroyanagi,"Kuroyanagi, Tetsuko","Chihiro Iwasaki, Dorothy Britton","=""4770020678""","=""9784770020673""",4,4.35,Kodansha,Paperback,232,1996,1981,,2017/09/22,,,read,,,,1,,,0,,,,,
275,The Lover,Marguerite Duras,"Duras, Marguerite","Barbara Bray, Maxine Hong Kingston","=""""","=""""",0,3.74,Pantheon Books,Paperback,117,1998,1984,,2017/12/18,to-read,to-read (#72),to-read,,,,0,,,0,,,,,
28645653,"Small Victories: Recipes, Advice + Hundreds of Ideas for Home Cooking Triumphs (Best Simple Recipes, Simple Cookbook Ideas, Cooking Techniques Book)",Julia Turshen,"Turshen, Julia","Gentyl & Hyers, Ina Garten","=""1452143099""","=""9781452143095""",0,4.22,Chronicle Books,Hardcover,304,2016,2016,,2017/12/10,"to-read, kitchen","to-read (#71), kitchen (#2)",to-read,,,,0,,,0,,,,,
128648,Sempe: Nothing is Simple,Jean-Jacques Sempé,"Sempé, Jean-Jacques",,"=""0714844837""","=""9780714844831""",0,4.38,Phaidon Press,Hardcover,148,2006,1962,,2017/12/01,to-read,to-read (#70),to-read,,,,0,,,0,,,,,
14578407,Penpal,Dathan Auerbach,"Auerbach, Dathan",,"=""098554550X""","=""9780985545505""",3,3.86,1000Vultures,Paperback,243,2012,2012,,2017/11/11,,,read,,,,1,,,0,,,,,
210255,Against Nature (À Rebours),Joris-Karl Huysmans,"Huysmans, Joris-Karl","Robert Baldick, Patrick McGuinness","=""0140447636""","=""9780140447637""",0,3.85,Penguin,Paperback,242,2003,1884,,2017/11/10,to-read,to-read (#69),to-read,,,,0,,,0,,,,,
35857970,Design Systems: A practical guide to creating design languages for digital products,Alla Kholmatova,"Kholmatova, Alla",,"=""""","=""""",0,4.17,Smashing Magazine,Paperback,288,2017,,,2017/10/21,"to-read, design","to-read (#68), design (#1)",to-read,,,,0,,,0,,,,,
2452483,The Library at Night,Alberto Manguel,"Manguel, Alberto",,"=""0300139144""","=""9780300139143""",0,3.99,Yale University Press,Hardcover,373,2008,2006,,2017/10/01,to-read,to-read (#67),to-read,,,,0,,,0,,,,,
16280514,After The Theater,Anton Chekhov,"Chekhov, Anton",Dave Courvoisier,"=""1469085984""","=""9781469085982""",3,3.15,Harmonic Wave,Audiobook,,2012,2012,,2016/12/09,,,read,,,,1,,,0,,,,,
35429034,Web Typography: A handbook for designing beautiful and effective responsive typography,Richard Rutter,"Rutter, Richard",,"=""9780995664""","=""""",0,4.67,,ebook,334,2017,,,2017/09/09,"to-read, dev","to-read (#66), dev (#1)",to-read,,,,0,,,0,,,,,
760472,The Sheltering Sky,Paul Bowles,"Bowles, Paul",,"=""0679729798""","=""9780679729792""",0,3.91,Vintage Books,Paperback,335,1990,1949,,2017/09/03,to-read,to-read (#64),to-read,,,,0,,,0,,,,,
1101625,Not Wanted on the Voyage,Timothy Findley,"Findley, Timothy",,"=""014007306X""","=""9780140073065""",5,3.99,Penguin,Mass Market Paperback,352,1985,1984,2017/08/20,2017/08/20,,,read,,,,1,,,0,,,,,
2476034,Revolutionary Road,Richard Yates,"Yates, Richard",,"=""0099518627""","=""9780099518624""",3,3.90,Vintage Classics,Paperback,338,2007,1961,2017/08/12,2017/08/12,,,read,,,,1,,,0,,,,,
21280717,Assholes: A Theory,Aaron James,"James, Aaron",,"=""1857886100""","=""9781857886108""",2,3.13,Nicholas Brealey Publishing,Paperback,240,2013,2012,2017/07/07,2017/05/31,,,read,,,,1,,,0,,,,,
19186358,Nanban: Japanese Soul Food,Tim Anderson,"Anderson, Tim",,"=""022409890X""","=""9780224098908""",4,4.10,Square Peg,Hardcover,256,2015,2014,,2017/06/29,,,read,,,,1,,,0,,,,,
124095,Pleasures and Days,Marcel Proust,"Proust, Marcel",A.N. Wilson,"=""184391090X""","=""9781843910909""",0,3.87,Hesperus Press,Paperback,194,2004,1896,,2017/06/29,to-read,to-read (#63),to-read,,,,0,,,0,,,,,
59153,Twenty Four Hours in the Life of a Woman & The Royal Game,Stefan Zweig,"Zweig, Stefan",Anthea Bell,"=""1901285618""","=""9781901285611""",0,4.14,Pushkin Press,Paperback,212,2006,,,2017/04/05,to-read,to-read (#51),to-read,,,,0,,,0,,,,,
33098567,The Facts of Life,Paula  Knight,"Knight, Paula",,"=""0271078464""","=""9780271078465""",2,4.11,Penn State University Press,Paperback,240,2017,,2017/05/31,2017/05/29,,,read,,,,1,,,0,,,,,
204148,Sleep Has His House,Anna Kavan,"Kavan, Anna",,"=""0720611296""","=""9780720611298""",0,3.97,Peter Owen Publishers,Paperback,200,2002,1973,,2017/05/29,to-read,to-read (#62),to-read,,,,0,,,0,,,,,
28305,The Human Comedy,William Saroyan,"Saroyan, William","Don Freeman, Michael Farmer","=""0151423016""","=""9780151423019""",0,4.02,Houghton Mifflin Harcourt,Hardcover,256,1989,1943,,2017/05/24,to-read,to-read (#61),to-read,,,,0,,,0,,,,,
789497,Doctor Glas,Hjalmar Söderberg,"Söderberg, Hjalmar","Paul Britten Austin, Margaret Atwood","=""0385722672""","=""9780385722674""",3,3.82,Anchor,Paperback,156,2002,1905,2017/05/04,2016/11/21,,,read,,,,1,,,0,,,,,
4138,Naked,David Sedaris,"Sedaris, David",,"=""""","=""""",4,4.08,Back Bay Books,Paperback,304,1998,1997,2017/05/02,2017/05/02,,,read,,,,1,,,0,,,,,
144070,Quartet,Jean Rhys,"Rhys, Jean",,"=""0393315460""","=""9780393315462""",0,3.71,W. W. Norton  Company,Paperback,192,1997,1928,,2017/05/02,to-read,to-read (#60),to-read,,,,0,,,0,,,,,
905459,Wolf Solent,John Cowper Powys,"Powys, John Cowper",,"=""0375703071""","=""9780375703072""",0,4.11,Vintage,Paperback,640,1998,1929,,2017/05/02,to-read,to-read (#59),to-read,,,,0,,,0,,,,,
60230,The Farther Reaches of Human Nature (Esalen Book),Abraham H. Maslow,"Maslow, Abraham H.","Henry Geiger, Bretha G. Maslow","=""0140194703""","=""9780140194708""",0,4.16,Penguin ,Paperback,432,1993,1971,,2017/04/22,to-read,to-read (#57),to-read,,,,0,,,0,,,,,
22253781,The Discovery of Being,Rollo May,"May, Rollo",,"=""039335086X""","=""9780393350869""",0,4.05,W. W. Norton  Company,Paperback,224,2015,1984,,2017/04/22,to-read,to-read (#56),to-read,,,,0,,,0,,,,,
174876,A Way of Being,Carl R. Rogers,"Rogers, Carl R.",Irvin D. Yalom,"=""0395755301""","=""9780395755303""",0,4.24,Mariner Books,Paperback,395,1995,1980,,2017/04/22,"to-read, psi","to-read (#55), psi (#13)",to-read,,,,0,,,0,,,,,
23047,Intimacy and Midnight All Day: A Novel and Stories,Hanif Kureishi,"Kureishi, Hanif",,"=""0743217144""","=""9780743217149""",0,3.58,Scribner,Paperback,336,2001,1998,,2017/04/16,to-read,to-read (#54),to-read,,,,0,,,0,,,,,
4772110,Nocturnes: Five Stories of Music and Nightfall,Kazuo Ishiguro,"Ishiguro, Kazuo",,"=""0307397874""","=""9780307397874""",0,3.48,Knopf Canada,Hardcover,221,2009,2009,,2017/04/14,to-read,to-read (#53),to-read,,,,0,,,0,,,,,
12737118,Wife 22,Melanie Gideon,"Gideon, Melanie",,"=""034552795X""","=""9780345527950""",3,3.52,Ballantine Books,Hardcover,380,2012,2008,,2017/04/10,,,read,,,,1,,,0,,,,,
30234552,The Wolf Wilder,Katherine Rundell,"Rundell, Katherine",,"=""1408854856""","=""9781408854853""",2,4.07,Bloomsbury Childrens,Paperback,256,2016,2015,2017/01/01,2017/03/22,,,read,,,,1,,,0,,,,,
60653,"Cows, Pigs, Wars, and Witches: The Riddles of Culture",Marvin Harris,"Harris, Marvin",,"=""0679724680""","=""9780679724681""",0,3.92,Vintage,Paperback,288,1989,1974,,2017/04/05,to-read,to-read (#52),to-read,,,,0,,,0,,,,,
46064,"The Diary of Anaïs Nin, Vol. 1: 1931-1934",Anaïs Nin,"Nin, Anaïs",Gunther Stuhlmann,"=""0156260255""","=""9780156260251""",3,4.13,Mariner Books,Paperback,384,1969,1966,2017/03/26,2016/08/04,,,read,,,,1,,,0,,,,,
166997,Stoner,John  Williams,"Williams, John",John McGahern,"=""1590171993""","=""9781590171998""",0,4.29,New York Review Books,Paperback,278,2006,1965,,2017/03/22,to-read,to-read (#50),to-read,,,,0,,,0,,,,,
5752,The Blank Slate: The Modern Denial of Human Nature,Steven Pinker,"Pinker, Steven",,"=""0142003344""","=""9780142003343""",0,4.07,Penguin Books,Paperback,528,2003,2002,,2017/03/12,"to-read, psi","to-read (#49), psi (#12)",to-read,,,,0,,,0,,,,,
9649043,Meditations in an Emergency,Frank O'Hara,"O'Hara, Frank",,"=""0394173430""","=""9780394173436""",0,4.17,Grove Press,Paperback,,1957,1957,,2017/03/06,to-read,to-read (#48),to-read,,,,0,,,0,,,,,
22551887,Heaven and Hell,Jón Kalman Stefánsson,"Stefánsson, Jón Kalman",,"=""1623654726""","=""9781623654726""",0,4.16,MacLehose Press,Paperback,224,2015,2007,,2017/03/03,to-read,to-read (#47),to-read,,,,0,,,0,,,,,
32336635,The Enigma of Reason,Hugo Mercier,"Mercier, Hugo",Dan Sperber,"=""0674368304""","=""9780674368309""",0,4.12,Harvard University Press,Hardcover,384,2017,2017,,2017/02/24,to-read,to-read (#46),to-read,,,,0,,,0,,,,,
335333,The Assistant,Robert Walser,"Walser, Robert",Susan Bernofsky,"=""0811215903""","=""9780811215909""",0,4.03,New Directions,Paperback,320,2007,1908,,2017/02/17,to-read,to-read (#45),to-read,,,,0,,,0,,,,,
855708,Bird By Bird: Some Instructions on Writing and Life,Anne Lamott,"Lamott, Anne",,"=""0679435204""","=""9780679435204""",4,4.23,Pantheon,Paperback,270,1994,1994,2017/02/01,2017/02/17,,,read,,,,1,,,0,,,,,
5986375,"This Is Water: Some Thoughts, Delivered on a Significant Occasion, about Living a Compassionate Life",David Foster Wallace,"Wallace, David Foster",,"=""0316068225""","=""9780316068222""",4,4.51,"Little, Brown and Company",Hardcover,138,2009,2009,2017/02/15,2017/02/15,,,read,,,,1,,,0,,,,,
27866112,Jurnalul unei fete greu de mulţumit: ediție integrală,Jeni Acterian,"Acterian, Jeni",S. Skultéty,"=""9735049414""","=""9789735049416""",4,4.12,Humanitas,Hardcover,752,2015,1991,2016/01/01,2016/11/21,,,read,,,,1,,,0,,,,,
306244,Food is Culture (Arts and Traditions of the Table: Perspectives on Culinary History),Massimo Montanari,"Montanari, Massimo",Albert Sonnenfeld,"=""0231137907""","=""9780231137904""",2,3.70,Columbia University Press,Hardcover,168,2006,1999,,2017/01/09,,,read,,,,1,,,0,,,,,
757438,The Man Who Planted Trees,Jean Giono,"Giono, Jean",,"=""1570625387""","=""9781570625381""",0,4.24,Shambhala,Paperback,74,2000,1953,,2017/01/08,to-read,to-read (#44),to-read,,,,0,,,0,,,,,
654710,The Origins of Greek Thought,Jean-Pierre Vernant,"Vernant, Jean-Pierre",,"=""0801492939""","=""9780801492938""",0,3.83,Cornell University Press,Paperback,144,1984,1962,,2016/12/21,to-read,to-read (#43),to-read,,,,0,,,0,,,,,
389586,The Inner World of Trauma: Archetypal Defences of the Personal Spirit,Donald Kalsched,"Kalsched, Donald",,"=""0415123291""","=""9780415123297""",0,4.56,Routledge,Paperback,240,1996,1996,,2016/12/10,"to-read, psi","to-read (#42), psi (#11)",to-read,,,,0,,,0,,,,,
133974,The Pillowman,Martin McDonagh,"McDonagh, Martin",,"=""0571220320""","=""9780571220328""",0,4.36,Faber  Faber,Paperback,104,2003,2003,,2016/12/10,"to-read, theatre","to-read (#41), theatre (#2)",to-read,,,,0,,,0,,,,,
384597,Arcadia,Tom Stoppard,"Stoppard, Tom",,"=""0571169341""","=""9780571169344""",0,4.19,Faber  Faber,Paperback,97,1994,1993,,2016/12/09,"to-read, theatre","to-read (#40), theatre (#1)",to-read,,,,0,,,0,,,,,
865949,The Search For The Real Self: Unmasking The Personality Disorders Of Our Age,James F. Masterson,"Masterson, James F.",,"=""0029202922""","=""9780029202920""",4,4.00,Free Press,Paperback,256,1990,1990,2016/01/01,2016/12/02,psi,psi (#2),read,,,,1,,,0,,,,,
7684552,El Libro de Los Indicios Delatores,Peter Collet,"Collet, Peter",Lolanda Rabascall,"=""8479277440""","=""9788479277444""",4,3.83,Robin Book,Paperback,316,2005,2005,,2011/03/07,psi,psi (#10),read,,,,1,,,0,,,,,
654824,The Mummy at the Dining Room Table: Eminent Therapists Reveal Their Most Unusual Cases and What They Teach Us about Human Behavior,Jeffrey A. Kottler,"Kottler, Jeffrey A.",Jon Carlson,"=""0787978043""","=""9780787978044""",3,3.89,Jossey-Bass,Paperback,325,2005,2003,,2011/03/07,psi,psi (#9),read,,,,1,,,0,,,,,
5485876,Anxiety: Using Depth Psychology to Find a Balance in Your Life,Fritz Riemann,"Riemann, Fritz",,"=""3866492189""","=""9783866492189""",5,4.23,Barbara Budrich,Paperback,220,2009,1961,,2012/12/30,psi,psi (#8),read,,,,1,,,0,,,,,
8520610,Quiet: The Power of Introverts in a World That Can't Stop Talking,Susan Cain,"Cain, Susan",Carlo Prosperi,"=""0307352145""","=""9780307352149""",3,4.06,"Crown Publishing Group/Random House, Inc.",Hardcover,333,2012,2012,,2014/12/30,psi,psi (#7),read,,,,1,,,0,,,,,
79352,Six Pillars of Self-Esteem,Nathaniel Branden,"Branden, Nathaniel",,"=""0553374397""","=""9780553374391""",5,4.13,Bantam,Paperback,341,1995,1994,,2015/11/19,psi,psi (#5),read,,,,1,,,0,,,,,
401748,The Gift of Therapy,Irvin D. Yalom,"Yalom, Irvin D.",,"=""0749923733""","=""9780749923730""",2,4.29,Piatkus Books,Paperback,307,2003,2001,,2016/01/22,psi,psi (#4),read,,,,1,,,0,,,,,
27419696,Dragoste sau dependenta. Cum sa recunosti iubirea sanatoasa,Brenda Schaeffer,"Schaeffer, Brenda",Carmen Ion,"=""""","=""9789737077011""",3,4.02,Editura Trei,Paperback,280,2012,1989,,2016/06/10,psi,psi (#3),read,,,,1,,,0,,,,,
207617,Islands and Other Essays,Jean Grenier,"Grenier, Jean","Steven Light, Albert Camus","=""1892295954""","=""9781892295958""",0,4.18,Green Integer,Paperback,250,2004,1933,,2016/11/30,to-read,to-read (#37),to-read,,,,0,,,0,,,,,
28293,Life: A User's Manual,Georges Perec,"Perec, Georges",David Bellos,"=""0879237511""","=""9780879237516""",0,4.21,"David R. Godine, Publisher",Paperback,581,1988,1978,,2016/11/26,"nouveau-roman-authors, to-read","nouveau-roman-authors (#2), to-read (#36)",to-read,,,,0,,,0,,,,,
260048,The Planetarium,Nathalie Sarraute,"Sarraute, Nathalie",Maria Jolas,"=""156478410X""","=""9781564784100""",0,3.54,Dalkey Archive Press,Paperback,246,2014,1959,,2016/11/26,"nouveau-roman-authors, to-read","nouveau-roman-authors (#1), to-read (#35)",to-read,,,,0,,,0,,,,,
963446,Sonechka and Other Stories,Lyudmila Ulitskaya,"Ulitskaya, Lyudmila",,"=""5717200382""","=""9785717200387""",0,3.95,Glas,Paperback,192,1998,1992,,2016/11/21,to-read,to-read (#34),to-read,,,,0,,,0,,,,,
21855244,"Clean Slate: A Cookbook and Guide: Reset Your Health, Detox Your Body, and Feel Your Best",Martha Stewart Living,"Living, Martha Stewart",,"=""0307954595""","=""9780307954596""",2,3.86,Clarkson Potter,Paperback,336,2014,2014,2016/01/01,2016/03/29,,,read,,,,1,,,0,,,,,
20758127,What We See When We Read,Peter Mendelsund,"Mendelsund, Peter",,"=""0804171637""","=""9780804171632""",4,3.69,Vintage,Paperback,425,2014,2014,2016/01/01,2016/02/01,,,read,,,,1,,,0,,,,,
17329476,The War on Men,Suzanne Venker,"Venker, Suzanne",,"=""1938067185""","=""9781938067181""",3,3.83,WND Books,ebook,27,2013,2013,2016/01/01,2016/09/04,,,read,,,,1,,,0,,,,,
10361330,HTML and CSS: Design and Build Websites,Jon Duckett,"Duckett, Jon",,"=""1118008189""","=""9781118008188""",4,4.33,Wiley,Paperback,514,2011,2011,2016/01/01,2016/07/11,,,read,,,,1,,,0,,,,,
58314,The Elementary Particles,Michel Houellebecq,"Houellebecq, Michel",Frank Wynne,"=""0375727019""","=""9780375727016""",5,3.80,Vintage,Paperback,272,2001,1998,2016/01/01,2016/10/01,,,read,,,,1,,,0,,,,,
284066,The Wind-Up Bird Chronicle,Haruki Murakami,"Murakami, Haruki",Jay Rubin,"=""0679775439""","=""9780679775430""",2,4.16,Vintage International,Paperback,607,2002,1994,2016/01/01,2016/01/04,,,read,,,,1,,,0,,,,,
10034,The Age of Reason,Jean-Paul Sartre,"Sartre, Jean-Paul",,"=""0679738959""","=""9780679738954""",5,3.98,Vintage International,Paperback,416,1992,1945,2016/01/01,2016/02/23,,,read,,,,1,,,0,,,,,
975187,The Woman in the Dunes,Kōbō Abe,"Abe, Kōbō","E. Dale Saunders, David Mitchell","=""""","=""""",2,3.92,Penguin,Paperback,240,2006,1962,2016/01/01,2016/08/18,,,read,,,,1,,,0,,,,,
48180,Hell,Henri Barbusse,"Barbusse, Henri",Robert Baldick,"=""1885983018""","=""9781885983015""",3,3.65,Turtle Point Press,Paperback,255,1995,1908,2016/01/01,2016/06/02,,,read,,,,1,,,0,,,,,
324245,Ravelstein,Saul Bellow,"Bellow, Saul",,"=""0141001763""","=""9780141001760""",4,3.63,Penguin Books,Paperback,233,2001,2000,2016/01/01,2016/10/10,,,read,,,,1,,,0,,,,,
11684851,Autoportrait,Édouard Levé,"Levé, Édouard",Lorin Stein,"=""1564787079""","=""9781564787071""",0,4.27,Dalkey Archive Press,Paperback,117,2012,2005,,2016/10/22,to-read,to-read (#33),to-read,,,,0,,,0,,,,,
12510878,Traveler of the Century,Andrés Neuman,"Neuman, Andrés","Nick Caistor, Lorenza García","=""0374119392""","=""9780374119393""",0,3.83,"Farrar, Straus and Giroux",Hardcover,576,2012,2009,,2016/10/22,to-read,to-read (#32),to-read,,,,0,,,0,,,,,
24836,The Floating Opera and The End of the Road,John Barth,"Barth, John",,"=""0385240899""","=""9780385240895""",0,4.02,Anchor Books,Paperback,442,1997,1958,,2016/09/24,to-read,to-read (#31),to-read,,,,0,,,0,,,,,
395058,The Recognitions,William Gaddis,"Gaddis, William",William H. Gass,"=""0140187081""","=""9780140187083""",0,4.19,Penguin Classics,Paperback,976,1993,1955,,2016/09/15,to-read,to-read (#29),to-read,,,,0,,,0,,,,,
910352,Picture This: How Pictures Work,Molly Bang,"Bang, Molly",,"=""0613300912""","=""9780613300919""",4,4.14,Turtleback Books,Hardcover,96,2000,1991,,2016/08/21,,,read,,,,1,,,0,,,,,
322255,The Following Story,Cees Nooteboom,"Nooteboom, Cees",Ina Rilke,"=""015600254X""","=""9780156002547""",0,3.67,Mariner Books,Paperback,128,1996,1991,,2016/07/29,to-read,to-read (#28),to-read,,,,0,,,0,,,,,
68687,A Different Sea,Claudio Magris,"Magris, Claudio",,"=""0807613460""","=""9780807613467""",0,3.54,George Braziller,Unknown Binding,112,2011,1991,,2016/07/29,to-read,to-read (#27),to-read,,,,0,,,0,,,,,
119512,The Melancholy of Resistance,László Krasznahorkai,"Krasznahorkai, László",George Szirtes,"=""0811215040""","=""9780811215046""",0,4.15,New Directions,Paperback,314,2002,1989,,2016/07/01,to-read,to-read (#26),to-read,,,,0,,,0,,,,,
297267,The Poetics of Reverie,Gaston Bachelard,"Bachelard, Gaston",Daniel Russell,"=""0807064130""","=""9780807064139""",0,4.23,Beacon Press,Paperback,228,1971,1960,,2016/07/01,to-read,to-read (#25),to-read,,,,0,,,0,,,,,
4069,Man's Search for Meaning,Viktor E. Frankl,"Frankl, Viktor E.","Harold S. Kushner, William J. Winslade, Isle Lasch","=""080701429X""","=""9780807014295""",3,4.35,Beacon Press,Paperback,165,2006,1946,,2016/06/15,,,read,,,,1,,,0,,,,,
11446,"Will You Please Be Quiet, Please?",Raymond Carver,"Carver, Raymond",,"=""0099449897""","=""9780099449898""",0,4.24,Vintage Random House ,Paperback,181,2003,1976,,2016/05/25,to-read,to-read (#24),to-read,,,,0,,,0,,,,,
22750625,Lying Under the Apple Tree,Alice Munro,"Munro, Alice",,"=""""","=""""",2,4.04,Vintage Digital,Kindle Edition,448,2014,2011,,2015/05/14,,,read,,,,1,,,0,,,,,
541024,More Than Human,Theodore Sturgeon,"Sturgeon, Theodore",,"=""0375703713""","=""9780375703713""",0,3.97,Vintage,Paperback,186,1999,1953,,2016/05/09,to-read,to-read (#23),to-read,,,,0,,,0,,,,,
10557075,The Adulterous Woman,Albert Camus,"Camus, Albert",Justin O'Brien,"=""0141195843""","=""9780141195841""",3,3.60,Penguin Classics,Paperback,80,2011,1957,,2014/02/07,,,read,,,,1,,,0,,,,,
17574849,The Guest Cat,Takashi Hiraide,"Hiraide, Takashi",Eric Selland,"=""0811221504""","=""9780811221504""",4,3.54,New Directions,Paperback,140,2014,2001,,2015/12/26,,,read,,,,1,,,0,,,,,
10464340,Flowers for Algernon,Daniel Keyes,"Keyes, Daniel",,"=""1407230034""","=""9781407230030""",4,4.15,Gollancz,Paperback,218,,1966,2015/11/24,2015/11/22,,,read,,,,1,,,0,,,,,
3423431,"Carnets, 1930 1944",Henry de Montherlant,"Montherlant, Henry de",,"=""207024587X""","=""9782070245871""",5,4.17,,,,,,,2015/10/27,,,read,,,,1,,,0,,,,,
10571801,Snow Country,Yasunari Kawabata,"Kawabata, Yasunari",Edward G. Seidensticker,"=""0141192593""","=""9780141192598""",4,3.66,Penguin Books,Paperback,121,2011,1948,2015/01/17,2014/12/30,,,read,,,,1,,,0,,,,,
20384909,"Above the Fold, Revised Edition",Brian D. Miller,"Miller, Brian D.",,"=""1440336660""","=""9781440336669""",4,3.80,HOW Books,Paperback,272,2014,2014,,2015/08/22,,,read,,,,1,,,0,,,,,
14031,Palm-of-the-Hand Stories,Yasunari Kawabata,"Kawabata, Yasunari","Lane Dunlop, J. Martin Holman","=""0374530491""","=""9780374530495""",2,3.96,"Farrar, Straus and Giroux",Paperback,288,2006,1971,2015/07/14,2013/10/19,,,read,,,,1,,,0,,,,,
88846,The Unquiet Grave: A Word Cycle by Palinurus,Cyril Connolly,"Connolly, Cyril",,"=""0892550589""","=""9780892550586""",0,3.95,Persea,Paperback,160,2005,1944,,2015/05/20,to-read,to-read (#21),to-read,,,,0,,,0,,,,,
184882,The Space of Literature,Maurice Blanchot,"Blanchot, Maurice",Ann Smock,"=""080326092X""","=""9780803260924""",5,4.33,University of Nebraska Press,Paperback,279,1989,1955,,2015/04/18,,,read,,,,1,,,0,,,,,
18830,London Fields,Martin Amis,"Amis, Martin",,"=""0099748614""","=""9780099748618""",4,3.71,Vintage,Paperback,526,2003,1989,,2014/12/08,,,read,,,,1,,,0,,,,,
16096926,Scrisorar,Mikhail Shishkin,"Shishkin, Mikhail","Mihail Šiškin, Antoaneta Olteanu","=""""","=""9786065883369""",3,4.07,Curtea Veche,Paperback,352,2012,2005,,2013/02/11,,,read,,,,1,,,0,,,,,
147493,Impossible Object,Nicholas Mosley,"Mosley, Nicholas",,"=""1564784657""","=""9781564784650""",0,4.15,Dalkey Archive Press,Paperback,219,2006,1968,,2015/01/17,to-read,to-read (#20),to-read,,,,0,,,0,,,,,
138110,The Ice Palace,Tarjei Vesaas,"Vesaas, Tarjei","Elizabeth Rokkan, Kirsti Baggethun, Mª Asunción Lorenzo","=""0720611229""","=""9780720611229""",0,3.93,Peter Owen Publishers,Paperback,176,2002,1963,,2015/01/17,to-read,to-read (#19),to-read,,,,0,,,0,,,,,
23380012,The Lady of the Camellias,Alexandre Dumas fils,"fils, Alexandre Dumas",,"=""""","=""""",2,4.01,Alexandre Dumas-fils,Kindle Edition,219,2014,1848,,2014/12/31,,,read,,,,1,,,0,,,,,
19017580,Invitation to a Beheading,Vladimir Nabokov,"Nabokov, Vladimir",Dmitri Nabokov,"=""""","=""""",4,3.90,Penguin,Kindle Edition,196,2012,1938,,2014/12/30,,,read,,,,1,,,0,,,,,
4794097,On Cats,Doris Lessing,"Lessing, Doris",,"=""0061672246""","=""9780061672248""",3,3.86,Harper,Hardcover,256,2008,1967,,2014/12/28,,,read,,,,1,,,0,,,,,
1524741,Old French Fairy Tales,Comtesse de Ségur,"Ségur, Comtesse de",Virginia Frances Sterrett,"=""1410105695""","=""9781410105691""",5,3.97,Fredonia Books (NL),Paperback,292,2004,1856,,2014/12/28,,,read,,,,1,,,0,,,,,
1358981,Here We Are,Dorothy Parker,"Parker, Dorothy",,"=""""","=""""",3,3.66,,Unknown Binding,,,1931,,2014/10/19,,,read,,,,1,,,0,,,,,
10775,The Garden of Eden,Ernest Hemingway,"Hemingway, Ernest",,"=""0684804522""","=""9780684804521""",4,3.73,Scribner ,Paperback,248,2003,1986,,2014/12/19,,,read,,,,1,,,0,,,,,
12250262,As leprosas,Henry de Montherlant,"Montherlant, Henry de",,"=""406452240""","=""""",5,3.96,,,,,1939,,2012/12/30,,,read,,,,1,,,0,,,,,
316046,"Visual Grammar: A Design Handbook (Visual Design Book for Designers, Book on Visual Communication)",Christian Leborg,"Leborg, Christian",,"=""1568985819""","=""9781568985817""",4,3.93,Princeton Architectural Press,Paperback,96,2006,2004,,2014/11/16,,,read,,,,1,,,0,,,,,
10641673,The Castle,Franz Kafka,"Kafka, Franz",Idris Parry,"=""0141197552""","=""9780141197555""",5,3.96,Penguin Classics,Paperback,280,2000,1926,,2014/11/02,,,read,,,,1,,,0,,,,,
822733,The Trial,Franz Kafka,"Kafka, Franz",Idris Parry,"=""0141182903""","=""9780141182902""",5,3.96,Penguin Books,Paperback,208,2000,1925,,2014/11/02,,,read,,,,1,,,0,,,,,
838900,The Fountainhead,Ayn Rand,"Rand, Ayn",,"=""0141188626""","=""9780141188621""",5,3.87,Penguin Classics,Paperback,727,2007,1943,2014/10/19,2014/10/19,,,read,,,,1,,,0,,,,,
2563331,The Ladies of the Corridor,Dorothy Parker,"Parker, Dorothy","Arnaud d'Usseau, Marion Meade","=""0143105310""","=""9780143105312""",0,3.94,Penguin Classics,Paperback,144,2008,1954,,2014/10/12,to-read,to-read (#16),to-read,,,,0,,,0,,,,,
8642815,Irretrievable,Theodor Fontane,"Fontane, Theodor","Douglas Parmée, Phillip Lopate","=""1590173740""","=""9781590173749""",0,3.68,NYRB Classics,Paperback,274,2011,1891,,2014/09/30,to-read,to-read (#15),to-read,,,,0,,,0,,,,,
79550,The Summer Book,Tove Jansson,"Jansson, Tove","Esther Freud, Thomas Teal","=""0954221710""","=""9780954221713""",4,4.07,Sort of Books,Paperback,172,2003,1972,,2013/10/15,,,read,,,,1,,,0,,,,,
17174476,Geometry Makes Me Happy,Index Books,"Books, Index",,"=""8415308396""","=""9788415308393""",5,4.83,Index Book,Paperback,192,2013,2013,,2014/07/03,,,read,,,,1,,,0,,,,,
32590,Pan,Knut Hamsun,"Hamsun, Knut",Sverre Lyngstad,"=""0141180676""","=""9780141180670""",0,3.89,Penguin Classics,Paperback,181,1998,1894,,2014/06/21,to-read,to-read (#14),to-read,,,,0,,,0,,,,,
18212180,Silja,Frans Emil Sillanpää,"Sillanpää, Frans Emil",,"=""""","=""9789731247526""",0,3.49,Art,Hardcover,248,2012,1931,,2014/04/26,to-read,to-read (#13),to-read,,,,0,,,0,,,,,
15059456,The Silent Crossing,Pascal Quignard,"Quignard, Pascal",Chris     Turner,"=""0857420771""","=""9780857420770""",5,4.22,Seagull Books,Hardcover,296,2013,2009,,2014/04/20,,,read,,,,1,,,0,,,,,
325485,Finding Your Way Without Map or Compass,Harold Gatty,"Gatty, Harold",James H. Doolittle,"=""048640613X""","=""9780486406138""",0,3.94,Dover Publications,Paperback,288,1998,1958,,2014/03/24,to-read,to-read (#12),to-read,,,,0,,,0,,,,,
263985,The Possibility of an Island,Michel Houellebecq,"Houellebecq, Michel",,"=""0307275213""","=""9780307275219""",5,3.81,Vintage,Paperback,352,2007,2005,,2014/02/18,,,read,,,,1,,,0,,,,,
76527,"The Life and Opinions of Tristram Shandy, Gentleman",Laurence Sterne,"Sterne, Laurence","Melvyn New, Christopher Ricks","=""0141439777""","=""9780141439778""",0,3.73,Penguin Classics,Paperback,735,2003,1759,,2014/02/15,to-read,to-read (#11),to-read,,,,0,,,0,,,,,
17202467,In Search of the Essence of Place,Petr Král,"Král, Petr",,"=""""","=""""",0,4.00,Pushkin Press,Paperback,286,,2012,,2014/02/12,to-read,to-read (#10),to-read,,,,0,,,0,,,,,
12556356,Fragmente dintr-un carnet găsit,Mihail Sebastian,"Sebastian, Mihail",,"=""973500917x""","=""""",5,3.77,Humanitas,Paperback,80,2005,1932,,2013/06/04,,,read,,,,1,,,0,,,,,
7963189,Le bleu est une couleur chaude,Julie Maroh,"Maroh, Julie",Glenat,"=""272346783X""","=""9782723467834""",3,3.92,Glénat,Paperback,157,2010,2010,,2014/01/07,,,read,,,,1,,,0,,,,,
76171,We,Yevgeny Zamyatin,"Zamyatin, Yevgeny",Clarence Brown,"=""0140185852""","=""9780140185850""",0,3.91,Penguin Classics,Paperback,255,1993,1920,,2013/12/29,to-read,to-read (#9),to-read,,,,0,,,0,,,,,
148298,Husband and Wife,Zeruya Shalev,"Shalev, Zeruya",Dalya Bilu,"=""0802140092""","=""9780802140098""",5,3.87,Grove Press,Paperback,320,2003,2000,,2013/12/29,,,read,,,,1,,,0,,,,,
237118,Tales of Moonlight and Rain,Ueda Akinari,"Akinari, Ueda",Anthony H. Chambers,"=""0231139128""","=""9780231139120""",0,3.87,Columbia University Press,Hardcover,235,2006,1776,,2013/11/30,to-read,to-read (#8),to-read,,,,0,,,0,,,,,
125500,Mysteries of the Rectangle: Essays on Painting,Siri Hustvedt,"Hustvedt, Siri",,"=""1568986181""","=""9781568986180""",3,4.20,Princeton Architectural Press,Paperback,204,2006,2005,,2013/04/12,,,read,,,,1,,,0,,,,,
12188,Strong Opinions,Vladimir Nabokov,"Nabokov, Vladimir",,"=""0679726098""","=""9780679726098""",4,3.99,Vintage,Paperback,368,1990,1973,,2013/01/21,,,read,,,,1,,,0,,,,,
456933,"""Hey, Whipple, Squeeze This"": A Guide to Creating Great Ads",Luke Sullivan,"Sullivan, Luke",,"=""0471293393""","=""9780471293392""",5,4.21,Wiley,Paperback,272,1998,1998,,2013/11/30,,,read,,,,1,,,0,,,,,
126907,Words,Jean-Paul Sartre,"Sartre, Jean-Paul",Irene Clephane,"=""0141183462""","=""""",5,3.77,Penguin Classics,Paperback,158,2000,1963,,2013/11/30,,,read,,,,1,,,0,,,,,
1840284,Imagination as Space of Freedom: Dialogue Between the Ego and the Unconscious,Verena Kast,"Kast, Verena",,"=""0880642025""","=""9780880642026""",0,4.38,Fromm International,Hardcover,201,1993,1993,,2013/11/29,to-read,to-read (#7),to-read,,,,0,,,0,,,,,
1604447,John Gabriel Borkman,Henrik Ibsen,"Ibsen, Henrik",,"=""1434629783""","=""9781434629784""",2,3.75,BiblioLife,Paperback,,2007,1896,,2013/11/25,,,read,,,,1,,,0,,,,,
2136,Specimen Days,Michael Cunningham,"Cunningham, Michael",,"=""0312425023""","=""9780312425029""",4,3.58,Picador USA,Paperback,336,2006,2005,,2013/11/23,,,read,,,,1,,,0,,,,,
378,The Phantom Tollbooth,Norton Juster,"Juster, Norton",Jules Feiffer,"=""0394820371""","=""9780394820378""",4,4.17,Random House Bullseye Books,Paperback,256,1996,1961,,2013/11/12,,,read,,,,1,,,0,,,,,
3035584,Cien años de soledad y un homenaje: Discursos de Gabriel García Márquez y Carlos Fuentes,Gabriel García Márquez,"Márquez, Gabriel García",Carlos Fuentes,"=""9681685121""","=""9789681685126""",3,4.49,Fondo De Cultura Economica USA,Paperback,39,2007,2007,,2011/03/07,,,read,,,,1,,,0,,,,,
18365785,Femeia și străinul,Mika Waltari,"Waltari, Mika",,"=""""","=""""",5,4.03,Editura pentru literatura universala,Paperback,373,1969,1937,,2013/10/19,,,read,,,,1,,,0,,,,,
16200517,Gustul femeilor urate,Richard Millet,"Millet, Richard",,"=""""","=""9789737071033""",4,3.13,Trei,Paperback,176,,2005,,2013/10/13,,,read,,,,1,,,0,,,,,
847735,The Other Side,Alfred Kubin,"Kubin, Alfred",Mike Mitchell,"=""1873982690""","=""9781873982693""",0,3.82,Dedalus,Paperback,320,2000,1909,,2013/10/17,to-read,to-read (#6),to-read,,,,0,,,0,,,,,
93111,Paris Peasant,Louis Aragon,"Aragon, Louis",Simon Watson Taylor,"=""1878972103""","=""9781878972101""",0,3.81,Exact Change,Paperback,228,2011,1926,,2013/10/15,to-read,to-read (#5),to-read,,,,0,,,0,,,,,
18519877,i'm not sorry i like you better,Liviu Oros,"Oros, Liviu",,"=""""","=""""",5,4.62,,Kindle Edition,,2013,2013,,2013/09/24,,,read,,,,1,,,0,,,,,
211855,A Night of Serious Drinking,René Daumal,"Daumal, René",,"=""0715632752""","=""9780715632758""",0,3.90,"Gerald Duckworth & Company, Ltd.",Paperback,121,2004,1938,,2013/09/17,to-read,to-read (#3),to-read,,,,0,,,0,,,,,
101668,Mount Analogue,René Daumal,"Daumal, René",,"=""0715633791""","=""9780715633793""",3,4.15,Gerald Duckworth & Co Ltd,Paperback,120,2005,1952,,2013/09/15,,,read,,,,1,,,0,,,,,
808172,Despre limită,Gabriel Liiceanu,"Liiceanu, Gabriel",,"=""9732805404""","=""9789732805404""",3,3.92,Humanitas,Paperback,198,,1994,,2013/08/25,,,read,,,,1,,,0,,,,,
1835482,Villa Amalia,Pascal Quignard,"Quignard, Pascal",,"=""2070347060""","=""9782070347063""",5,3.46,Gallimard Education,Paperback,300,2007,2006,,2013/08/20,,,read,,,,1,,,0,,,,,
16054555,Umbre rătăcitoare,Pascal Quignard,"Quignard, Pascal",Emanoil Marcu,"=""9735007649""","=""""",4,4.04,Humanitas,Paperback,168,2004,2002,,2013/08/07,,,read,,,,1,,,0,,,,,
9550,In Praise of Shadows,Jun'ichirō Tanizaki,"Tanizaki, Jun'ichirō","Thomas J. Harper, Edward G. Seidensticker","=""0099283573""","=""9780099283577""",4,4.09,Vintage Classics,Paperback,73,2001,1933,,2013/08/18,,,read,,,,1,,,0,,,,,
10219363,Lovitura de gratie,Marguerite Yourcenar,"Yourcenar, Marguerite",,"=""9735017798""","=""9789735017798""",5,3.70,Editura Humanitas,Paperback,144,2007,1939,,2013/08/03,,,read,,,,1,,,0,,,,,
44897,"The Art of Writing Advertising: Conversations with Masters of the Craft: David Ogilvy, William Bernbach, Leo Burnett, Rosser Reeves,",Denis Higgins,"Higgins, Denis",,"=""0071410937""","=""0639785381891""",3,4.04,McGraw-Hill,Paperback,125,2003,1968,,2013/07/21,,,read,,,,1,,,0,,,,,
10780323,Ce ne spunem când nu ne vorbim,Chris Simion,"Simion, Chris",,"=""""","=""9789737074294""",3,3.62,Trei,Paperback,256,2011,2011,,2013/07/19,,,read,,,,1,,,0,,,,,
10964693,The Marriage Plot,Jeffrey Eugenides,"Eugenides, Jeffrey",,"=""0374203059""","=""9780374203054""",3,3.45,"Farrar, Straus and Giroux",Hardcover,406,2011,2011,,2012/12/30,,,read,,,,1,,,0,,,,,
10223697,The Summer Without Men,Siri Hustvedt,"Hustvedt, Siri",,"=""0312570600""","=""9780312570606""",4,3.42,Picador,Paperback,182,2011,2011,,2013/07/12,,,read,,,,1,,,0,,,,,
277,Writing,Marguerite Duras,"Duras, Marguerite",,"=""1571290532""","=""9781571290533""",0,3.72,Brookline Books,Paperback,91,1999,1993,,2013/05/27,to-read,to-read (#2),to-read,,,,0,,,0,,,,,
15694,The First Man,Albert Camus,"Camus, Albert",David Hapgood,"=""0783816014""","=""9780783816012""",5,3.97,Thorndike Press,Paperback,359,1996,1994,,2013/07/11,,,read,,,,1,,,0,,,,,
184880,The Infinite Conversation,Maurice Blanchot,"Blanchot, Maurice",Susan Hanson,"=""0816619700""","=""9780816619702""",0,4.44,University of Minnesota Press,Paperback,476,1993,1969,,2013/05/18,to-read,to-read (#1),to-read,,,,0,,,0,,,,,
5130,Island,Aldous Huxley,"Huxley, Aldous",,"=""0060085495""","=""9780060085490""",4,3.83,Harper Perennial Classics,Paperback,354,2002,1962,,2013/04/08,,,read,,,,1,,,0,,,,,
123933,No Exit,Jean-Paul Sartre,"Sartre, Jean-Paul",,"=""0573613052""","=""9780573613050""",5,4.15,"Samuel French, Inc.",Paperback,60,2010,1947,,2013/03/28,,,read,,,,1,,,0,,,,,
17184,The Invisible Man,H.G. Wells,"Wells, H.G.",,"=""0451528522""","=""9780451528520""",4,3.64,Signet Classics,Paperback,192,2002,1897,,2013/03/23,,,read,,,,1,,,0,,,,,
87280,Too Loud a Solitude,Bohumil Hrabal,"Hrabal, Bohumil",Michael Henry Heim,"=""0349102627""","=""9780349102627""",3,4.04,Abacus,Paperback,98,2007,1976,,2013/03/23,,,read,,,,1,,,0,,,,,
2449877,"Reborn: Journals and Notebooks, 1947-1963",Susan Sontag,"Sontag, Susan",David Rieff,"=""0374100748""","=""9780374100742""",4,3.99,"Farrar, Straus and Giroux",Hardcover,318,2008,,,2012/12/30,,,read,,,,1,,,0,,,,,
16150573,Lappin and Lappinova,Virginia Woolf,"Woolf, Virginia",,"=""""","=""""",3,3.53,Feedbooks,ebook,12,,1939,,2013/03/13,,,read,,,,1,,,0,,,,,
757478,"El amor, las mujeres y la muerte",Arthur Schopenhauer,"Schopenhauer, Arthur",,"=""0084716626""","=""""",3,3.77,Edaf,,,2007,1819,,2013/03/01,,,read,,,,1,,,0,,,,,
829647,Serious Creativity: Using The Power Of Lateral Thinking To Create New Ideas,Edward de Bono,"Bono, Edward de",,"=""0006379583""","=""9780006379584""",5,3.86,HarperCollins Publishers,Unknown Binding,,1996,1992,,2013/02/26,,,read,,,,1,,,0,,,,,
11623,The Unabridged Journals of Sylvia Plath,Sylvia Plath,"Plath, Sylvia",Karen V. Kukil,"=""0385720254""","=""9780385720250""",3,4.18,Anchor,Paperback,732,2000,2000,,2013/02/26,,,read,,,,1,,,0,,,,,
1158876,Philosophy of Branding: Great Philosophers Think Brands,Thom Braun,"Braun, Thom",,"=""0749441933""","=""9780749441937""",5,3.22,Kogan Page,Hardcover,176,2004,2004,,2013/02/24,,,read,,,,1,,,0,,,,,
534755,A Technique for Producing Ideas,James Webb Young,"Young, James Webb",,"=""0071410945""","=""0639785381914""",5,4.06,McGraw-Hill Education,Paperback,64,2003,1940,,2013/02/24,,,read,,,,1,,,0,,,,,
1436587,Beyond Branding: How the New Values of Transparency and Integrity Are Changing the World of Brands,Nicholas Ind,"Ind, Nicholas","Thomas Gad, Chris MacRae","=""0749441151""","=""9780749441159""",4,4.00,Kogan Page,Hardcover,236,2004,2003,,2013/02/24,,,read,,,,1,,,0,,,,,
51091,The Wisdom of the Heart,Henry Miller,"Miller, Henry",,"=""0811201163""","=""9780811201162""",5,4.01,New Directions,Paperback,250,1960,1941,,2013/02/02,,,read,,,,1,,,0,,,,,
13017363,Tre Diari,Ingmar Bergman,"Bergman, Ingmar","Maria von Rosen, Renato Zatti","=""8870911608""","=""9788870911602""",5,4.00,Iperborea,Paperback,272,2008,2004,,2013/02/10,,,read,,,,1,,,0,,,,,
11158551,Branding pe frontul de est,Aneta Bogdan,"Bogdan, Aneta",,"=""""","=""9789730092806""",3,3.98,Brandient,Hardcover,280,2010,2010,,2013/02/09,,,read,,,,1,,,0,,,,,
60364,Someone to Run With,David Grossman,"Grossman, David","Vered Almog, Maya Gurantz","=""031242194X""","=""9780312421946""",3,4.13,Picador,Paperback,343,2005,1983,,2013/01/30,,,read,,,,1,,,0,,,,,
6369945,Designing Brand Identity: An Essential Guide for the Entire Branding Team,Alina Wheeler,"Wheeler, Alina",,"=""0470401427""","=""9780470401422""",5,4.13,John Wiley & Sons,Hardcover,310,2009,2003,,2013/02/09,,,read,,,,1,,,0,,,,,
9308676,K.I.S.S Guide To Selling,Ken Lloyd,"Lloyd, Ken",,"=""0751312444""","=""9780751312447""",4,3.75,Dorling Kindersley,,352,2001,2001,,2013/02/09,,,read,,,,1,,,0,,,,,
58169,"Catching the Big Fish: Meditation, Consciousness, and Creativity",David Lynch,"Lynch, David",,"=""1585425400""","=""9781585425402""",4,3.72,Tarcherperigee,Hardcover,181,2007,2006,,2013/02/09,,,read,,,,1,,,0,,,,,
1787824,Complexity and Postmodernism: Understanding Complex Systems,Paul Cilliers,"Cilliers, Paul",,"=""0415152879""","=""9780415152877""",4,3.87,Routledge,Paperback,,1998,1998,,2013/02/09,,,read,,,,1,,,0,,,,,
16640,The Sorrows of Young Werther,Johann Wolfgang von Goethe,"Goethe, Johann Wolfgang von",Burton Pike,"=""0812969901""","=""9780812969900""",3,3.68,Modern Library,Paperback,149,2005,1774,,2013/01/27,,,read,,,,1,,,0,,,,,
380994,A Lover's Discourse: Fragments,Roland Barthes,"Barthes, Roland","Richard Howard, Wayne Koestenbaum","=""0374521611""","=""9780374521615""",5,4.37,Hill and Wang,Paperback,234,1979,1977,,2012/12/30,,,read,,,,1,,,0,,,,,
234225,"Dune (Dune Chronicles, #1)",Frank Herbert,"Herbert, Frank",Domingo Santos,"=""0340839937""","=""9780340839935""",5,4.23,Hodder & Stoughton,Paperback,604,2006,1965,,2011/03/07,,,read,,,,1,,,0,,,,,
536072,The Sandcastle,Iris Murdoch,"Murdoch, Iris",Philippa Gregory,"=""0099433583""","=""9780099433583""",3,3.78,Vintage Classics,Paperback,318,2003,1957,,2012/12/30,,,read,,,,1,,,0,,,,,
11229,"The Sea, The Sea",Iris Murdoch,"Murdoch, Iris",Mary Kinzie,"=""014118616X""","=""9780141186160""",2,3.93,Penguin Books Ltd,Paperback,528,2001,1978,,2012/12/30,,,read,,,,1,,,0,,,,,
5129,Brave New World,Aldous Huxley,"Huxley, Aldous",,"=""0060929871""","=""9780060929879""",4,3.99,HarperPerennial / Perennial Classics,Paperback,268,1998,1932,,2012/12/30,,,read,,,,1,,,0,,,,,
16631,Steppenwolf,Hermann Hesse,"Hesse, Hermann",Basil Creighton,"=""0140282580""","=""9780140282580""",5,4.13,Penguin,Paperback,256,1999,1927,,2012/12/30,,,read,,,,1,,,0,,,,,
5107,The Catcher in the Rye,J.D. Salinger,"Salinger, J.D.",,"=""0316769177""","=""9780316769174""",4,3.81,Back Bay Books,Paperback,277,2001,1951,,2012/12/30,,,read,,,,1,,,0,,,,,
6224751,Oceanografie,Mircea Eliade,"Eliade, Mircea",,"=""9735005123""","=""""",5,4.43,Humanitas,paperback,232,2003,1934,,2012/12/30,,,read,,,,1,,,0,,,,,
46114,The Waves,Virginia Woolf,"Woolf, Virginia",,"=""0156949601""","=""9780156949606""",5,4.15,Harvest Books,Paperback,297,1978,1931,,2012/12/30,,,read,,,,1,,,0,,,,,
18839,Orlando,Virginia Woolf,"Woolf, Virginia",,"=""0141184272""","=""9780141184272""",5,3.86,Penguin Classics,Paperback,272,2000,1928,,2012/12/30,,,read,,,,1,,,0,,,,,
18521,A Room of One's Own,Virginia Woolf,"Woolf, Virginia",,"=""0141183535""","=""9780141183534""",5,4.17,Penguin Books,Paperback,112,2000,1929,,2012/12/30,,,read,,,,1,,,0,,,,,
59716,To the Lighthouse,Virginia Woolf,"Woolf, Virginia",,"=""140679239X""","=""9781406792393""",5,3.78,Harvest Books,Paperback,209,1989,1927,,2012/12/30,,,read,,,,1,,,0,,,,,
2932342,Suprabărbatul,Alfred Jarry,"Jarry, Alfred",Mady Solomon,"=""9731240659""","=""9789731240657""",5,3.67,Art,Paperback,128,2007,1902,,2012/12/30,,,read,,,,1,,,0,,,,,
11297,Norwegian Wood,Haruki Murakami,"Murakami, Haruki",Jay Rubin,"=""0375704027""","=""9780375704024""",1,4.03,Vintage Books,Paperback,296,2000,1987,,2012/12/30,,,read,,,,1,,,0,,,,,
2510541,Le Songe,Henry de Montherlant,"Montherlant, Henry de",,"=""2070374580""","=""9782070374588""",5,3.50,Gallimard,Poche,308,1983,1947,,2012/12/30,,,read,,,,1,,,0,,,,,
403351,Estudios sobre el amor,José Ortega y Gasset,"Gasset, José Ortega y","Johann Wolfgang von Goethe, Jose Luis Molinuevo","=""8476409419""","=""9788476409411""",2,3.86,Edaf,Paperback,176,2015,1939,,2012/12/30,,,read,,,,1,,,0,,,,,
6378116,Geniul şi zeiţa,Aldous Huxley,"Huxley, Aldous",Viorica Boitor,"=""0701108010""","=""9789734613304""",5,3.78,Polirom,Paperback,208,2009,1955,,2012/12/30,,,read,,,,1,,,0,,,,,
2967752,The Elegance of the Hedgehog,Muriel Barbery,"Barbery, Muriel",Alison Anderson,"=""1933372605""","=""9781933372600""",5,3.78,Europa Editions,Paperback,325,2008,2006,,2012/12/30,,,read,,,,1,,,0,,,,,
31491,The Rainbow,D.H. Lawrence,"Lawrence, D.H.",Daphne Merkin,"=""0451530306""","=""9780451530301""",4,3.69,Signet,Paperback,544,2009,1915,,2012/12/30,,,read,,,,1,,,0,,,,,
9784,Women in Love,D.H. Lawrence,"Lawrence, D.H.",,"=""0486424588""","=""9780486424583""",5,3.66,Dover Publications,Paperback,416,2003,1920,,2012/12/30,,,read,,,,1,,,0,,,,,
32071,Sons and Lovers,D.H. Lawrence,"Lawrence, D.H.",Geoff Dyer,"=""0375753737""","=""9780375753732""",5,3.63,Modern Library Classics,Paperback,654,1999,1913,,2012/12/30,,,read,,,,1,,,0,,,,,
32067,Lady Chatterley's Lover,D.H. Lawrence,"Lawrence, D.H.","Doris Lessing, Chester Brown","=""""","=""""",4,3.51,Penguin Classics,Paperback,364,2006,1923,,2012/12/30,,,read,,,,1,,,0,,,,,
4268359,Chaos and Night,Henry de Montherlant,"Montherlant, Henry de",,"=""159017304X""","=""9781590173046""",5,3.74,NYRB Classics,Paperback,256,2009,1963,,2012/12/30,,,read,,,,1,,,0,,,,,
3285063,Le Démon du bien,Henry de Montherlant,"Montherlant, Henry de",,"=""2070361934""","=""9782070361939""",5,3.93,Gallimard,Mass Market Paperback,251,1964,1937,,2012/12/30,,,read,,,,1,,,0,,,,,
2679953,Pitié pour les femmes,Henry de Montherlant,"Montherlant, Henry de",,"=""207036156X""","=""9782070361564""",5,3.69,Gallimard,Mass Market Paperback,221,1972,1936,,2012/12/30,,,read,,,,1,,,0,,,,,
1671376,Les jeunes filles,Henry de Montherlant,"Montherlant, Henry de",,"=""2070368157""","=""9782070368150""",5,3.79,Folio,Mass Market Paperback,219,1972,1936,,2012/12/30,,,read,,,,1,,,0,,,,,
4638377,Cartea amăgirilor,Emil M. Cioran,"Cioran, Emil M.",,"=""""","=""9732801980""",5,4.26,Humanitas,Paperback,222,1991,1936,,2012/12/30,,,read,,,,1,,,0,,,,,
117566,On the Heights of Despair,Emil M. Cioran,"Cioran, Emil M.",Ilinca Zarifopol-Johnston,"=""0226106713""","=""9780226106717""",5,4.19,University of Chicago Press,Paperback,128,1996,1933,,2012/12/30,,,read,,,,1,,,0,,,,,
94578,The Gay Science,Friedrich Nietzsche,"Nietzsche, Friedrich",Walter Kaufmann,"=""0394719859""","=""9780394719856""",5,4.26,Random House,Mass Market Paperback,396,1974,1882,,2012/12/30,,,read,,,,1,,,0,,,,,
7784859,Amurgul gândurilor,Emil M. Cioran,"Cioran, Emil M.",,"=""9735021986""","=""9789735021986""",5,4.24,Humanitas,Paperback,208,2006,1940,,2012/12/30,,,read,,,,1,,,0,,,,,
12321,Beyond Good and Evil,Friedrich Nietzsche,"Nietzsche, Friedrich","R.J. Hollingdale, Michael Tanner","=""014044923X""","=""9780140449235""",5,4.00,Penguin Classics,Paperback,240,2003,1886,,2012/12/30,,,read,,,,1,,,0,,,,,
123942,A Very Easy Death,Simone de Beauvoir,"Beauvoir, Simone de",Patrick O'Brian,"=""0394728998""","=""9780394728995""",4,3.99,Pantheon,Paperback,112,1985,1964,,2012/12/30,,,read,,,,1,,,0,,,,,
164006,Memoirs of a Dutiful Daughter,Simone de Beauvoir,"Beauvoir, Simone de",James Kirkup,"=""0060825197""","=""9780060825195""",5,4.11,Harper Perennial Modern Classics,Paperback,359,2005,1958,,2012/12/30,,,read,,,,1,,,0,,,,,
457264,The Second Sex,Simone de Beauvoir,"Beauvoir, Simone de","H.M. Parshley, Deirdre Bair","=""0679724516""","=""9780679724513""",5,4.13,Vintage,Paperback,746,1989,1949,,2012/12/30,,,read,,,,1,,,0,,,,,
24971,"Either/Or, Part I",Søren Kierkegaard,"Kierkegaard, Søren","Edna Hatlestad Hong, Howard Vincent Hong, David F. Swenson, Lillian Marvin Swenson","=""0691020418""","=""9780691020419""",5,4.26,Princeton University Press,Paperback,702,,1843,,2012/12/30,,,read,,,,1,,,0,,,,,
4187885,In Vino Veritas,Søren Kierkegaard,"Kierkegaard, Søren",,"=""8425074282""","=""9788425074288""",5,3.44,,,139,,1845,,2012/12/30,,,read,,,,1,,,0,,,,,
46973,The Seducer's Diary,Søren Kierkegaard,"Kierkegaard, Søren","Edna Hatlestad Hong, Howard Vincent Hong","=""0691017379""","=""9780691017372""",5,3.64,Princeton University Press,Paperback,232,1997,1843,,2012/12/30,,,read,,,,1,,,0,,,,,
7604,Lolita,Vladimir Nabokov,"Nabokov, Vladimir",Craig Raine,"=""""","=""""",5,3.89,Penguin,Paperback,331,1995,1955,,2012/12/30,,,read,,,,1,,,0,,,,,
15704,"Notebooks, 1935-1951",Albert Camus,"Camus, Albert","Philip Thody, Justin O'Brien","=""1569246661""","=""9781569246665""",5,4.29,Marlowe & Company,Paperback,496,1998,1972,,2012/12/30,,,read,,,,1,,,0,,,,,
522453,"L'amour dure trois ans (Marc Marronnier, #3)",Frédéric Beigbeder,"Beigbeder, Frédéric",,"=""""","=""""",3,3.40,Gallimard/Folio,Mass Market Paperback,194,2001,1997,,2012/12/30,,,read,,,,1,,,0,,,,,
5297,The Picture of Dorian Gray,Oscar Wilde,"Wilde, Oscar",Jeffrey Eugenides,"=""""","=""""",5,4.09,Random House: Modern Library,Paperback,272,2004,1890,,2012/12/30,,,read,,,,1,,,0,,,,,
5128,The Doors of Perception & Heaven and Hell,Aldous Huxley,"Huxley, Aldous",,"=""0060595183""","=""9780060595180""",5,3.91,Harper Perennial Modern Classics,Paperback,187,2004,1956,,2012/12/30,,,read,,,,1,,,0,,,,,
7613,Animal Farm,George Orwell,"Orwell, George","Boris Grabnar, Celâl Üster, Celâl Üstüner, Peter Škerl","=""0452284244""","=""9780452284241""",3,3.96,NAL,Paperback,122,2003,1945,,2012/12/30,,,read,,,,1,,,0,,,,,
11989,The Plague,Albert Camus,"Camus, Albert",Stuart Gilbert,"=""""","=""""",4,4.01,Vintage International,Paperback,308,1991,1947,,2012/12/30,,,read,,,,1,,,0,,,,,
49552,The Stranger,Albert Camus,"Camus, Albert",Matthew  Ward,"=""""","=""""",4,3.99,Vintage International,Paperback,123,1989,1942,,2012/12/30,,,read,,,,1,,,0,,,,,
5470,1984,George Orwell,"Orwell, George","Erich Fromm, Regina Silveira, Marcelo Pen, Golo Mann, Irving Howe, Raymond Williams, Thomas Pynchon, Homi K. Bhabha, Martha C. Nussbaum, Bernard Crick, George Packer","=""""","=""""",4,4.19,New American Library,Mass Market Paperback,328,1950,1949,,2012/12/30,,,read,,,,1,,,0,,,,,
10116463,Gog,Giovanni Papini,"Papini, Giovanni",Fikret Adil,"=""""","=""""",5,4.19,İş Bankası Kültür Yayınları,Paperback,386,1958,1931,,2011/03/07,,,read,,,,1,,,0,,,,,
2222741,"Too Soon Old, Too Late Smart: Thirty True Things You Need to Know Now",Gordon Livingston,"Livingston, Gordon",Elizabeth Edwards,"=""1569243735""","=""9781569243732""",5,3.85,Da Capo Lifelong Books,Paperback,192,2008,2004,,2011/03/07,,,read,,,,1,,,0,,,,,
24970,Either/Or: A Fragment of Life,Søren Kierkegaard,"Kierkegaard, Søren","Victor Eremita, Alastair Hannay","=""0140445773""","=""9780140445770""",5,4.17,Penguin Classics,Paperback,640,1992,1843,,2011/03/07,,,read,,,,1,,,0,,,,,
14743,The God Delusion,Richard Dawkins,"Dawkins, Richard",,"=""0618680004""","=""9780618680009""",5,3.89,Houghton Mifflin Co. (Boston/NY),Hardcover,374,2006,2006,,2011/03/07,,,read,,,,1,,,0,,,,,
4588176,Adela,Garabet Ibrăileanu,"Ibrăileanu, Garabet",,"=""9735650061""","=""9789735650063""",4,3.35,Litera,Hardcover,136,2009,1933,,2011/03/07,,,read,,,,1,,,0,,,,,
12187,"Ada, or Ardor: A Family Chronicle",Vladimir Nabokov,"Nabokov, Vladimir",,"=""0679725229""","=""9780679725220""",5,4.14,Vintage,Paperback,606,1990,1969,,2011/03/07,,,read,,,,1,,,0,,,,,
33297,The Naked Ape: A Zoologist's Study of the Human Animal,Desmond Morris,"Morris, Desmond",,"=""0385334303""","=""9780385334303""",5,3.95,Delta,Paperback,256,1999,1967,,2011/03/07,,,read,,,,1,,,0,,,,,
243705,The Collector,John Fowles,"Fowles, John",,"=""""","=""""",5,3.99,Vintage,Paperback,283,1998,1963,,2011/03/07,,,read,,,,1,,,0,,,,,
16286,The Magus,John Fowles,"Fowles, John",,"=""0316296198""","=""9780316296199""",5,4.06,Back Bay Books,Paperback,656,2001,1965,,2011/03/07,,,read,,,,1,,,0,,,,,
152057,All Men Are Mortal,Simone de Beauvoir,"Beauvoir, Simone de",,"=""0393308456""","=""9780393308457""",4,4.12,W. W. Norton  Company,Paperback,352,1992,1946,,2011/03/07,,,read,,,,1,,,0,,,,,
112,Children of Dune (Dune Chronicles #3),Frank Herbert,"Herbert, Frank",,"=""""","=""""",5,3.95,Ace Books,Mass Market Paperback,408,1987,1976,,2011/03/07,,,read,,,,1,,,0,,,,,
285092,High Fidelity,Nick Hornby,"Hornby, Nick",,"=""1573225517""","=""9781573225519""",3,3.93,Riverhead Books,Paperback,340,1996,1995,,2011/03/07,,,read,,,,1,,,0,,,,,
69483,Las edades de Lulú,Almudena Grandes,"Grandes, Almudena",,"=""8472237486""","=""9788472237483""",4,3.24,TusQuets,Paperback,264,1994,1989,,2011/03/07,,,read,,,,1,,,0,,,,,
1860831,Slaap!,Annelies Verbeke,"Verbeke, Annelies",,"=""9044504320""","=""9789044504323""",3,3.15,De Geus,Hardcover,160,2003,2003,,2011/03/07,,,read,,,,1,,,0,,,,,
11038,"Henry and June: From ""A Journal of Love"": The Unexpurgated Diary of Anaïs Nin, 1931-1932",Anaïs Nin,"Nin, Anaïs",,"=""015640057X""","=""9780156400572""",4,3.89,Mariner Books,Paperback,304,1990,1986,,2011/03/07,,,read,,,,1,,,0,,,,,
1010504,Un uomo finito,Giovanni Papini,"Papini, Giovanni",Ștefan Augustin Doinaș,"=""8879282395""","=""9788879282390""",5,4.12,Ponte alle Grazie,Paperback,247,1994,1913,,2011/03/07,,,read,,,,1,,,0,,,,,
1067549,Arta conversației,Ileana Vulpescu,"Vulpescu, Ileana",,"=""""","=""9786069208625""",2,4.15,Arta Grafica,Paperback,464,1998,1992,,2011/03/07,,,read,,,,1,,,0,,,,,
75518,Hygiène de l'assassin,Amélie Nothomb,"Nothomb, Amélie",,"=""225311118X""","=""9782253111184""",4,3.76,Le Livre de Poche,Mass Market Paperback,221,2005,1992,,2011/03/07,,,read,,,,1,,,0,,,,,
